"finessGeoDP","annee","vda","n","pct"
"010780195",2021,"COE",83,100
"010780195",2022,"COE",63,100
"010780195",2023,"COE",79,100
"010780195",2024,"COE",70,97.2
"010780195",2024,"LAP",1,1.4
"010780195",2024,"ROB",1,1.4
"010780195",2025,"COE",31,100
"010780203",2021,"COE",81,97.6
"010780203",2021,"LAP",2,2.4
"010780203",2022,"COE",98,97
"010780203",2022,"LAP",3,3
"010780203",2023,"COE",111,91.7
"010780203",2023,"LAP",10,8.3
"010780203",2024,"COE",90,97.8
"010780203",2024,"LAP",2,2.2
"010780203",2025,"COE",48,100
"020000162",2021,"COE",63,98.4
"020000162",2021,"LAP",1,1.6
"020000162",2022,"COE",60,96.8
"020000162",2022,"LAP",2,3.2
"020000162",2023,"COE",57,100
"020000162",2024,"COE",43,74.1
"020000162",2024,"ROB",15,25.9
"020000162",2025,"COE",18,36.7
"020000162",2025,"ROB",31,63.3
"020000394",2021,"COE",40,93
"020000394",2021,"LAP",3,7
"020000394",2022,"COE",50,94.3
"020000394",2022,"LAP",3,5.7
"020000394",2023,"COE",34,97.1
"020000394",2023,"LAP",1,2.9
"020000394",2024,"COE",42,89.4
"020000394",2024,"LAP",5,10.6
"020000394",2025,"COE",20,100
"020000519",2021,"COE",21,100
"020000519",2022,"COE",55,100
"020000519",2023,"COE",53,100
"020000519",2024,"COE",66,100
"020000519",2025,"COE",35,100
"020010047",2021,"COE",81,100
"020010047",2022,"COE",85,98.8
"020010047",2022,"LAP",1,1.2
"020010047",2023,"COE",56,100
"020010047",2024,"COE",67,100
"020010047",2025,"COE",40,100
"030781116",2021,"COE",62,98.4
"030781116",2021,"LAP",1,1.6
"030781116",2022,"COE",44,100
"030781116",2023,"COE",59,100
"030781116",2024,"COE",59,100
"030781116",2025,"COE",28,100
"040000093",2021,"COE",14,100
"040000093",2022,"COE",34,100
"040000093",2023,"COE",37,100
"040000093",2024,"COE",25,100
"040000093",2025,"COE",15,100
"050000348",2021,"COE",46,88.5
"050000348",2021,"ROB",6,11.5
"050000348",2022,"COE",43,89.6
"050000348",2022,"ROB",5,10.4
"050000348",2023,"COE",25,80.6
"050000348",2023,"ROB",6,19.4
"050000348",2024,"COE",26,51
"050000348",2024,"ROB",25,49
"050000348",2025,"COE",5,26.3
"050000348",2025,"ROB",14,73.7
"060000478",2021,"COE",37,100
"060000478",2022,"COE",28,100
"060000478",2023,"COE",34,100
"060000478",2024,"COE",25,100
"060000478",2025,"COE",9,100
"060000510",2021,"COE",118,99.2
"060000510",2021,"ROB",1,0.8
"060000510",2022,"COE",105,98.1
"060000510",2022,"LAP",2,1.9
"060000510",2023,"COE",78,100
"060000510",2024,"COE",88,100
"060000510",2025,"COE",36,100
"060021417",2021,"COE",75,97.4
"060021417",2021,"ROB",2,2.6
"060021417",2022,"COE",68,91.9
"060021417",2022,"ROB",6,8.1
"060021417",2023,"COE",91,98.9
"060021417",2023,"ROB",1,1.1
"060021417",2024,"COE",81,97.6
"060021417",2024,"ROB",2,2.4
"060021417",2025,"COE",40,100
"060780491",2021,"COE",72,78.3
"060780491",2021,"ROB",20,21.7
"060780491",2022,"COE",86,97.7
"060780491",2022,"ROB",2,2.3
"060780491",2023,"COE",55,88.7
"060780491",2023,"LAP",1,1.6
"060780491",2023,"ROB",6,9.7
"060780491",2024,"COE",82,85.4
"060780491",2024,"ROB",14,14.6
"060780491",2025,"COE",33,48.5
"060780491",2025,"ROB",35,51.5
"060780590",2021,"COE",76,96.2
"060780590",2021,"ROB",3,3.8
"060780590",2022,"COE",58,96.7
"060780590",2022,"ROB",2,3.3
"060780590",2023,"COE",33,100
"060780590",2024,"COE",49,96.1
"060780590",2024,"ROB",2,3.9
"060780590",2025,"COE",8,61.5
"060780590",2025,"ROB",5,38.5
"060780715",2021,"COE",84,100
"060780715",2022,"COE",69,100
"060780715",2023,"COE",17,23.9
"060780715",2023,"ROB",54,76.1
"060780715",2024,"COE",5,11.9
"060780715",2024,"LAP",1,2.4
"060780715",2024,"ROB",36,85.7
"060780715",2025,"COE",16,26.7
"060780715",2025,"LAP",1,1.7
"060780715",2025,"ROB",43,71.7
"060789195",2021,"COE",194,99.5
"060789195",2021,"LAP",1,0.5
"060789195",2022,"COE",221,100
"060789195",2023,"COE",185,98.4
"060789195",2023,"LAP",2,1.1
"060789195",2023,"ROB",1,0.5
"060789195",2024,"COE",92,83.6
"060789195",2024,"ROB",18,16.4
"060789195",2025,"COE",21,51.2
"060789195",2025,"ROB",20,48.8
"060800166",2021,"COE",34,100
"060800166",2022,"COE",32,97
"060800166",2022,"LAP",1,3
"060800166",2023,"COE",29,90.6
"060800166",2023,"LAP",1,3.1
"060800166",2023,"ROB",2,6.2
"060800166",2024,"COE",10,100
"060800166",2025,"COE",4,80
"060800166",2025,"LAP",1,20
"070780424",2021,"COE",114,100
"070780424",2022,"COE",117,98.3
"070780424",2022,"LAP",2,1.7
"070780424",2023,"COE",89,97.8
"070780424",2023,"LAP",2,2.2
"070780424",2024,"COE",75,88.2
"070780424",2024,"LAP",2,2.4
"070780424",2024,"ROB",8,9.4
"070780424",2025,"COE",53,93
"070780424",2025,"LAP",2,3.5
"070780424",2025,"ROB",2,3.5
"080010473",2021,"COE",135,100
"080010473",2022,"COE",121,100
"080010473",2023,"COE",119,100
"080010473",2024,"COE",111,100
"080010473",2025,"COE",52,100
"100000082",2021,"COE",107,100
"100000082",2022,"COE",46,100
"100000124",2021,"COE",103,100
"100000124",2022,"COE",160,99.4
"100000124",2022,"LAP",1,0.6
"100000124",2023,"COE",127,100
"100000124",2024,"COE",76,100
"100000124",2025,"COE",61,100
"100010818",2021,"COE",24,100
"100010818",2022,"COE",48,100
"100010818",2023,"COE",100,100
"100010818",2024,"COE",91,100
"110000023",2021,"COE",103,100
"110000023",2022,"COE",102,99
"110000023",2022,"LAP",1,1
"110000023",2023,"COE",106,100
"110000023",2024,"COE",88,98.9
"110000023",2024,"LAP",1,1.1
"110000023",2025,"COE",79,100
"110000056",2021,"COE",41,91.1
"110000056",2021,"ROB",4,8.9
"110000056",2022,"COE",48,94.1
"110000056",2022,"LAP",1,2
"110000056",2022,"ROB",2,3.9
"110000056",2023,"COE",34,97.1
"110000056",2023,"LAP",1,2.9
"110000056",2024,"COE",41,100
"110000056",2025,"COE",18,100
"130000409",2021,"COE",36,100
"130000409",2022,"COE",56,100
"130000409",2023,"COE",49,100
"130000409",2024,"COE",32,100
"130000409",2025,"COE",25,100
"130001225",2021,"COE",57,100
"130001225",2022,"COE",73,98.6
"130001225",2022,"LAP",1,1.4
"130001225",2023,"COE",58,100
"130001225",2024,"COE",48,100
"130001225",2025,"COE",27,96.4
"130001225",2025,"LAP",1,3.6
"130043664",2021,"COE",266,94.7
"130043664",2021,"LAP",10,3.6
"130043664",2021,"ROB",5,1.8
"130043664",2022,"COE",201,96.2
"130043664",2022,"LAP",1,0.5
"130043664",2022,"ROB",7,3.3
"130043664",2023,"COE",175,85.8
"130043664",2023,"LAP",4,2
"130043664",2023,"ROB",25,12.3
"130043664",2024,"COE",195,87.8
"130043664",2024,"ROB",27,12.2
"130043664",2025,"COE",96,69.1
"130043664",2025,"ROB",43,30.9
"130780521",2021,"COE",71,97.3
"130780521",2021,"LAP",1,1.4
"130780521",2021,"ROB",1,1.4
"130780521",2022,"COE",50,98
"130780521",2022,"LAP",1,2
"130780521",2023,"COE",68,97.1
"130780521",2023,"ROB",2,2.9
"130780521",2024,"COE",85,85
"130780521",2024,"LAP",1,1
"130780521",2024,"ROB",14,14
"130780521",2025,"COE",35,72.9
"130780521",2025,"ROB",13,27.1
"130781479",2021,"COE",120,88.2
"130781479",2021,"ROB",16,11.8
"130781479",2022,"COE",123,83.1
"130781479",2022,"ROB",25,16.9
"130781479",2023,"COE",112,77.8
"130781479",2023,"ROB",32,22.2
"130781479",2024,"COE",120,84.5
"130781479",2024,"ROB",22,15.5
"130781479",2025,"COE",60,75.9
"130781479",2025,"ROB",19,24.1
"130782162",2021,"COE",121,100
"130782162",2022,"COE",114,97.4
"130782162",2022,"ROB",3,2.6
"130782162",2023,"COE",92,93.9
"130782162",2023,"ROB",6,6.1
"130782162",2024,"COE",85,98.8
"130782162",2024,"ROB",1,1.2
"130782162",2025,"COE",64,100
"130783236",2021,"COE",9,7.2
"130783236",2021,"LAP",1,0.8
"130783236",2021,"ROB",115,92
"130783236",2022,"COE",13,10.2
"130783236",2022,"ROB",115,89.8
"130783236",2023,"ROB",115,100
"130783236",2024,"COE",9,18.8
"130783236",2024,"ROB",39,81.2
"130783236",2025,"ROB",18,100
"130783327",2021,"COE",160,97.6
"130783327",2021,"LAP",4,2.4
"130783327",2022,"COE",230,100
"130783327",2023,"COE",222,99.1
"130783327",2023,"LAP",2,0.9
"130783327",2024,"COE",248,100
"130783327",2025,"COE",147,99.3
"130783327",2025,"LAP",1,0.7
"130784051",2021,"COE",74,98.7
"130784051",2021,"LAP",1,1.3
"130784051",2022,"COE",48,100
"130784051",2023,"COE",52,98.1
"130784051",2023,"LAP",1,1.9
"130784051",2024,"COE",14,87.5
"130784051",2024,"ROB",2,12.5
"130785652",2021,"COE",97,97
"130785652",2021,"LAP",2,2
"130785652",2021,"ROB",1,1
"130785652",2022,"COE",94,98.9
"130785652",2022,"LAP",1,1.1
"130785652",2023,"COE",98,99
"130785652",2023,"ROB",1,1
"130785652",2024,"COE",97,94.2
"130785652",2024,"ROB",6,5.8
"130785652",2025,"COE",43,86
"130785652",2025,"LAP",3,6
"130785652",2025,"ROB",4,8
"130786361",2021,"COE",218,83.2
"130786361",2021,"ROB",44,16.8
"130786361",2022,"COE",252,95.8
"130786361",2022,"ROB",11,4.2
"130786361",2023,"COE",262,95.6
"130786361",2023,"ROB",12,4.4
"130786361",2024,"COE",261,96.7
"130786361",2024,"ROB",9,3.3
"130786361",2025,"COE",144,96.6
"130786361",2025,"ROB",5,3.4
"130786742",2021,"COE",41,100
"130786742",2022,"COE",32,94.1
"130786742",2022,"LAP",2,5.9
"130786742",2023,"COE",44,95.7
"130786742",2023,"LAP",1,2.2
"130786742",2023,"ROB",1,2.2
"130786742",2024,"COE",41,100
"130786742",2025,"COE",24,100
"130810740",2021,"COE",148,93.7
"130810740",2021,"LAP",2,1.3
"130810740",2021,"ROB",8,5.1
"130810740",2022,"COE",143,98.6
"130810740",2022,"LAP",2,1.4
"130810740",2023,"COE",141,100
"130810740",2024,"COE",120,100
"130810740",2025,"COE",73,100
"140000209",2021,"COE",171,96.6
"140000209",2021,"LAP",1,0.6
"140000209",2021,"ROB",5,2.8
"140000209",2022,"COE",185,92
"140000209",2022,"LAP",1,0.5
"140000209",2022,"ROB",15,7.5
"140000209",2023,"COE",177,93.7
"140000209",2023,"LAP",3,1.6
"140000209",2023,"ROB",9,4.8
"140000209",2024,"COE",95,100
"140000209",2025,"COE",47,97.9
"140000209",2025,"ROB",1,2.1
"140000290",2021,"COE",52,100
"140000290",2022,"COE",49,100
"140016759",2021,"COE",152,99.3
"140016759",2021,"LAP",1,0.7
"140016759",2022,"COE",140,100
"140016759",2023,"COE",100,99
"140016759",2023,"LAP",1,1
"140016759",2024,"COE",88,100
"140016759",2025,"COE",57,100
"140017237",2021,"COE",49,100
"140017237",2022,"COE",51,100
"140017237",2023,"COE",44,100
"140017237",2024,"COE",61,100
"140017237",2025,"COE",36,100
"140018730",2022,"LAP",1,100
"140018730",2023,"COE",39,100
"140018730",2024,"COE",59,100
"140018730",2025,"COE",20,100
"160000253",2021,"COE",49,100
"160000253",2022,"COE",33,100
"160000253",2023,"COE",24,47.1
"160000253",2023,"ROB",27,52.9
"160000253",2024,"COE",27,62.8
"160000253",2024,"ROB",16,37.2
"160000253",2025,"COE",10,50
"160000253",2025,"ROB",10,50
"160013207",2021,"COE",80,96.4
"160013207",2021,"ROB",3,3.6
"160013207",2022,"COE",76,97.4
"160013207",2022,"ROB",2,2.6
"160013207",2023,"COE",90,95.7
"160013207",2023,"ROB",4,4.3
"160013207",2024,"COE",88,98.9
"160013207",2024,"ROB",1,1.1
"160013207",2025,"COE",52,98.1
"160013207",2025,"ROB",1,1.9
"170000095",2021,"COE",59,98.3
"170000095",2021,"LAP",1,1.7
"170000095",2022,"COE",58,100
"170000095",2023,"COE",50,100
"170000095",2024,"COE",43,100
"170000152",2021,"COE",155,100
"170000152",2022,"COE",126,99.2
"170000152",2022,"LAP",1,0.8
"170000152",2023,"COE",92,100
"170000152",2024,"COE",120,100
"170000152",2025,"COE",45,97.8
"170000152",2025,"LAP",1,2.2
"170780563",2021,"COE",50,98
"170780563",2021,"LAP",1,2
"170780563",2022,"COE",46,100
"170780563",2023,"COE",57,87.7
"170780563",2023,"ROB",8,12.3
"170780563",2024,"COE",44,67.7
"170780563",2024,"ROB",21,32.3
"170780563",2025,"COE",20,62.5
"170780563",2025,"ROB",12,37.5
"170780662",2021,"COE",45,100
"170780662",2022,"COE",23,100
"170780662",2023,"COE",50,100
"170780662",2024,"COE",53,100
"170780662",2025,"COE",16,100
"180004145",2021,"COE",84,100
"180004145",2022,"COE",79,100
"180004145",2023,"COE",63,100
"180004145",2024,"COE",37,100
"180004145",2025,"COE",28,100
"190013482",2021,"COE",39,100
"190013482",2022,"COE",35,100
"190013482",2023,"COE",43,100
"190013482",2024,"COE",40,97.6
"190013482",2024,"LAP",1,2.4
"190013482",2025,"COE",12,100
"210012670",2021,"COE",263,98.5
"210012670",2021,"LAP",3,1.1
"210012670",2021,"ROB",1,0.4
"210012670",2022,"COE",237,99.6
"210012670",2022,"LAP",1,0.4
"210012670",2023,"COE",201,99.5
"210012670",2023,"LAP",1,0.5
"210012670",2024,"COE",202,96.7
"210012670",2024,"LAP",1,0.5
"210012670",2024,"ROB",6,2.9
"210012670",2025,"COE",122,100
"210780789",2021,"COE",68,39.1
"210780789",2021,"ROB",106,60.9
"210780789",2022,"COE",60,41.4
"210780789",2022,"ROB",85,58.6
"210780789",2023,"COE",41,38
"210780789",2023,"ROB",67,62
"210780789",2024,"COE",64,56.1
"210780789",2024,"LAP",1,0.9
"210780789",2024,"ROB",49,43
"210780789",2025,"COE",18,40
"210780789",2025,"ROB",27,60
"210987558",2021,"COE",35,70
"210987558",2021,"LAP",1,2
"210987558",2021,"ROB",14,28
"210987558",2022,"COE",3,30
"210987558",2022,"ROB",7,70
"210987558",2023,"COE",16,40
"210987558",2023,"LAP",1,2.5
"210987558",2023,"ROB",23,57.5
"210987558",2024,"COE",16,51.6
"210987558",2024,"LAP",1,3.2
"210987558",2024,"ROB",14,45.2
"210987558",2025,"COE",7,26.9
"210987558",2025,"LAP",1,3.8
"210987558",2025,"ROB",18,69.2
"220000012",2021,"COE",39,100
"220000012",2022,"COE",21,95.5
"220000012",2022,"LAP",1,4.5
"220000012",2023,"COE",35,100
"220000012",2024,"COE",26,100
"220000012",2025,"COE",19,100
"220005599",2021,"COE",33,100
"220005599",2022,"COE",35,100
"220005599",2023,"COE",37,100
"220005599",2024,"COE",27,100
"220005599",2025,"COE",20,100
"220022800",2021,"COE",115,100
"220022800",2022,"COE",91,98.9
"220022800",2022,"ROB",1,1.1
"220022800",2023,"COE",55,91.7
"220022800",2023,"ROB",5,8.3
"220022800",2024,"COE",80,94.1
"220022800",2024,"ROB",5,5.9
"220022800",2025,"COE",36,83.7
"220022800",2025,"ROB",7,16.3
"250011848",2021,"COE",163,95.3
"250011848",2021,"ROB",8,4.7
"250011848",2022,"COE",203,95.3
"250011848",2022,"ROB",10,4.7
"250011848",2023,"COE",201,92.6
"250011848",2023,"ROB",16,7.4
"250011848",2024,"COE",144,70.6
"250011848",2024,"LAP",1,0.5
"250011848",2024,"ROB",59,28.9
"250011848",2025,"COE",86,88.7
"250011848",2025,"LAP",1,1
"250011848",2025,"ROB",10,10.3
"260000260",2021,"COE",118,99.2
"260000260",2021,"LAP",1,0.8
"260000260",2022,"COE",93,100
"260000260",2023,"COE",84,100
"260000260",2024,"COE",83,97.6
"260000260",2024,"LAP",1,1.2
"260000260",2024,"ROB",1,1.2
"260000260",2025,"COE",48,100
"260003017",2021,"COE",44,100
"260003017",2022,"COE",64,100
"260003017",2023,"COE",54,98.2
"260003017",2023,"ROB",1,1.8
"260003017",2024,"COE",69,100
"260003017",2025,"COE",43,100
"280000084",2021,"COE",33,100
"280000084",2022,"COE",31,93.9
"280000084",2022,"ROB",2,6.1
"280000084",2023,"COE",26,100
"280000084",2024,"COE",31,100
"280000084",2025,"COE",14,93.3
"280000084",2025,"ROB",1,6.7
"280504267",2021,"COE",57,100
"280504267",2022,"COE",58,100
"280504267",2023,"COE",50,100
"280504267",2024,"COE",49,100
"280504267",2025,"COE",22,100
"280505777",2022,"COE",6,100
"280505777",2023,"COE",50,100
"280505777",2024,"COE",69,100
"280505777",2025,"COE",45,100
"290000025",2021,"COE",27,100
"290000025",2022,"COE",20,90.9
"290000025",2022,"LAP",1,4.5
"290000025",2022,"ROB",1,4.5
"290000025",2023,"COE",44,100
"290000025",2024,"COE",35,97.2
"290000025",2024,"LAP",1,2.8
"290000025",2025,"COE",14,93.3
"290000025",2025,"ROB",1,6.7
"290000215",2021,"COE",51,100
"290000215",2022,"COE",35,100
"290004324",2021,"COE",54,98.2
"290004324",2021,"LAP",1,1.8
"290004324",2022,"COE",79,96.3
"290004324",2022,"LAP",3,3.7
"290004324",2023,"COE",101,99
"290004324",2023,"LAP",1,1
"290004324",2024,"COE",71,100
"290004324",2025,"COE",31,91.2
"290004324",2025,"LAP",3,8.8
"290019777",2021,"COE",70,100
"290019777",2022,"COE",86,100
"290019777",2023,"COE",80,100
"290019777",2024,"COE",68,98.6
"290019777",2024,"LAP",1,1.4
"290019777",2025,"COE",45,100
"290036540",2022,"COE",21,95.5
"290036540",2022,"ROB",1,4.5
"290036540",2023,"COE",49,100
"290036540",2024,"COE",35,97.2
"290036540",2024,"LAP",1,2.8
"290036540",2025,"COE",26,96.3
"290036540",2025,"ROB",1,3.7
"2A0000139",2021,"COE",31,100
"2A0000139",2022,"COE",29,100
"2A0000139",2023,"COE",24,100
"2A0000139",2024,"COE",20,100
"2A0000139",2025,"COE",7,100
"2B0000145",2021,"COE",97,100
"2B0000145",2022,"COE",72,97.3
"2B0000145",2022,"LAP",1,1.4
"2B0000145",2022,"ROB",1,1.4
"2B0000145",2023,"COE",59,86.8
"2B0000145",2023,"ROB",9,13.2
"2B0000145",2024,"COE",19,29.7
"2B0000145",2024,"ROB",45,70.3
"2B0000145",2025,"COE",43,89.6
"2B0000145",2025,"ROB",5,10.4
"300000023",2021,"COE",35,94.6
"300000023",2021,"LAP",1,2.7
"300000023",2021,"ROB",1,2.7
"300000023",2022,"COE",42,100
"300000023",2023,"COE",19,95
"300000023",2023,"ROB",1,5
"300000023",2024,"COE",30,100
"300000023",2025,"COE",27,96.4
"300000023",2025,"ROB",1,3.6
"300780137",2021,"COE",111,100
"300780137",2022,"COE",56,98.2
"300780137",2022,"LAP",1,1.8
"300780137",2023,"COE",48,98
"300780137",2023,"LAP",1,2
"300780137",2024,"COE",34,100
"300780137",2025,"COE",14,100
"300782117",2021,"COE",259,100
"300782117",2022,"COE",220,100
"300782117",2023,"COE",193,98.5
"300782117",2023,"ROB",3,1.5
"300782117",2024,"COE",213,100
"300782117",2025,"COE",84,98.8
"300782117",2025,"ROB",1,1.2
"300788502",2021,"COE",151,61.9
"300788502",2021,"LAP",1,0.4
"300788502",2021,"ROB",92,37.7
"300788502",2022,"COE",146,60.1
"300788502",2022,"LAP",1,0.4
"300788502",2022,"ROB",96,39.5
"300788502",2023,"COE",122,79.2
"300788502",2023,"LAP",1,0.6
"300788502",2023,"ROB",31,20.1
"300788502",2024,"COE",78,76.5
"300788502",2024,"LAP",1,1
"300788502",2024,"ROB",23,22.5
"300788502",2025,"COE",55,73.3
"300788502",2025,"ROB",20,26.7
"310026927",2021,"COE",44,97.8
"310026927",2021,"LAP",1,2.2
"310026927",2022,"COE",51,98.1
"310026927",2022,"LAP",1,1.9
"310026927",2023,"COE",68,100
"310026927",2024,"COE",60,98.4
"310026927",2024,"LAP",1,1.6
"310026927",2025,"COE",32,100
"310780283",2021,"COE",112,99.1
"310780283",2021,"LAP",1,0.9
"310780283",2022,"COE",113,98.3
"310780283",2022,"ROB",2,1.7
"310780283",2023,"COE",117,100
"310780283",2024,"COE",107,100
"310780283",2025,"COE",44,97.8
"310780283",2025,"ROB",1,2.2
"310780382",2021,"COE",71,100
"310780382",2022,"COE",64,100
"310780382",2023,"COE",53,98.1
"310780382",2023,"LAP",1,1.9
"310780382",2024,"COE",54,100
"310780382",2025,"COE",20,100
"310781000",2021,"COE",661,100
"310781000",2022,"COE",718,99.7
"310781000",2022,"ROB",2,0.3
"310781000",2023,"COE",527,99.4
"310781000",2023,"LAP",1,0.2
"310781000",2023,"ROB",2,0.4
"310781000",2024,"COE",471,99.8
"310781000",2024,"ROB",1,0.2
"310781000",2025,"COE",182,100
"310781505",2021,"COE",142,100
"310781505",2022,"COE",131,100
"310781505",2023,"COE",176,100
"310781505",2024,"COE",175,99.4
"310781505",2024,"LAP",1,0.6
"310781505",2025,"COE",69,92
"310781505",2025,"LAP",1,1.3
"310781505",2025,"ROB",5,6.7
"310783055",2021,"COE",112,99.1
"310783055",2021,"LAP",1,0.9
"310783055",2022,"COE",82,66.1
"310783055",2022,"ROB",42,33.9
"310783055",2023,"COE",92,72.4
"310783055",2023,"ROB",35,27.6
"310783055",2024,"COE",75,75.8
"310783055",2024,"LAP",1,1
"310783055",2024,"ROB",23,23.2
"310783055",2025,"COE",55,75.3
"310783055",2025,"ROB",18,24.7
"330000340",2021,"COE",94,100
"330000340",2022,"COE",92,98.9
"330000340",2022,"LAP",1,1.1
"330000340",2023,"COE",58,100
"330000340",2024,"COE",44,77.2
"330000340",2024,"LAP",1,1.8
"330000340",2024,"ROB",12,21.1
"330000340",2025,"COE",28,87.5
"330000340",2025,"LAP",4,12.5
"330780115",2021,"COE",78,100
"330780115",2022,"COE",48,100
"330780115",2023,"COE",49,100
"330780115",2024,"COE",49,100
"330780115",2025,"COE",15,100
"330780263",2021,"COE",106,100
"330780263",2022,"COE",117,100
"330780263",2023,"COE",85,100
"330780263",2024,"COE",84,98.8
"330780263",2024,"ROB",1,1.2
"330780263",2025,"COE",37,100
"330780479",2021,"COE",61,100
"330780479",2022,"COE",72,96
"330780479",2022,"LAP",1,1.3
"330780479",2022,"ROB",2,2.7
"330780479",2023,"COE",53,94.6
"330780479",2023,"ROB",3,5.4
"330780479",2024,"COE",65,83.3
"330780479",2024,"ROB",13,16.7
"330780479",2025,"COE",26,78.8
"330780479",2025,"ROB",7,21.2
"330780511",2021,"COE",21,100
"330780511",2022,"COE",35,100
"330780511",2023,"COE",35,100
"330780511",2024,"COE",49,100
"330780511",2025,"COE",16,100
"330780529",2021,"COE",220,94.8
"330780529",2021,"ROB",12,5.2
"330780529",2022,"COE",208,96.3
"330780529",2022,"LAP",1,0.5
"330780529",2022,"ROB",7,3.2
"330780529",2023,"COE",184,85.6
"330780529",2023,"LAP",1,0.5
"330780529",2023,"ROB",30,14
"330780529",2024,"COE",211,92.5
"330780529",2024,"LAP",2,0.9
"330780529",2024,"ROB",15,6.6
"330780529",2025,"COE",121,89.6
"330780529",2025,"ROB",14,10.4
"330781402",2021,"COE",195,100
"330781402",2022,"COE",191,100
"330781402",2023,"COE",228,99.6
"330781402",2023,"LAP",1,0.4
"330781402",2024,"COE",229,99.6
"330781402",2024,"LAP",1,0.4
"330781402",2025,"COE",129,100
"330782582",2021,"COE",79,100
"330782582",2022,"COE",55,100
"330782582",2023,"COE",58,100
"330782582",2024,"COE",41,100
"330782582",2025,"COE",25,100
"330783648",2021,"COE",82,93.2
"330783648",2021,"LAP",6,6.8
"330783648",2022,"COE",49,50
"330783648",2022,"LAP",8,8.2
"330783648",2022,"ROB",41,41.8
"330783648",2023,"COE",26,37.7
"330783648",2023,"LAP",2,2.9
"330783648",2023,"ROB",41,59.4
"330783648",2024,"COE",41,60.3
"330783648",2024,"LAP",1,1.5
"330783648",2024,"ROB",26,38.2
"330783648",2025,"COE",14,36.8
"330783648",2025,"LAP",1,2.6
"330783648",2025,"ROB",23,60.5
"340000033",2021,"COE",52,94.5
"340000033",2021,"ROB",3,5.5
"340000033",2022,"COE",14,23.7
"340000033",2022,"ROB",45,76.3
"340000033",2023,"COE",1,1.3
"340000033",2023,"ROB",76,98.7
"340000033",2024,"COE",32,45.1
"340000033",2024,"ROB",39,54.9
"340000033",2025,"ROB",46,100
"340009885",2021,"COE",40,100
"340009885",2022,"COE",36,100
"340009885",2023,"COE",43,100
"340009885",2024,"COE",45,100
"340009885",2025,"COE",32,100
"340015502",2021,"COE",280,84.3
"340015502",2021,"LAP",32,9.6
"340015502",2021,"ROB",20,6
"340015502",2022,"COE",237,88.4
"340015502",2022,"LAP",17,6.3
"340015502",2022,"ROB",14,5.2
"340015502",2023,"COE",209,87.4
"340015502",2023,"LAP",30,12.6
"340015502",2024,"COE",158,82.7
"340015502",2024,"LAP",33,17.3
"340015502",2025,"COE",85,85.9
"340015502",2025,"LAP",12,12.1
"340015502",2025,"ROB",2,2
"340015965",2021,"COE",181,99.5
"340015965",2021,"ROB",1,0.5
"340015965",2022,"COE",147,99.3
"340015965",2022,"ROB",1,0.7
"340015965",2023,"COE",156,100
"340015965",2024,"COE",148,100
"340015965",2025,"COE",68,100
"340024314",2021,"COE",44,100
"340024314",2022,"COE",63,100
"340024314",2023,"COE",49,98
"340024314",2023,"LAP",1,2
"340024314",2024,"COE",31,100
"340024314",2025,"COE",20,100
"340780667",2021,"COE",71,94.7
"340780667",2021,"ROB",4,5.3
"340780667",2022,"COE",74,100
"340780667",2023,"COE",73,100
"340780667",2024,"COE",69,100
"340780667",2025,"COE",35,100
"340780675",2021,"COE",98,96.1
"340780675",2021,"LAP",1,1
"340780675",2021,"ROB",3,2.9
"340780675",2022,"COE",93,83.8
"340780675",2022,"ROB",18,16.2
"340780675",2023,"COE",99,79.8
"340780675",2023,"ROB",25,20.2
"340780675",2024,"COE",131,100
"340780675",2025,"COE",25,100
"340780741",2021,"COE",49,98
"340780741",2021,"ROB",1,2
"340780741",2022,"COE",40,100
"340780741",2023,"COE",41,100
"340780741",2024,"COE",58,100
"340780741",2025,"COE",49,98
"340780741",2025,"LAP",1,2
"340782036",2021,"COE",228,97
"340782036",2021,"LAP",5,2.1
"340782036",2021,"ROB",2,0.9
"340782036",2022,"COE",269,98.5
"340782036",2022,"LAP",3,1.1
"340782036",2022,"ROB",1,0.4
"340782036",2023,"COE",254,99.2
"340782036",2023,"LAP",2,0.8
"340782036",2024,"COE",220,97.3
"340782036",2024,"LAP",2,0.9
"340782036",2024,"ROB",4,1.8
"340782036",2025,"COE",122,88.4
"340782036",2025,"LAP",1,0.7
"340782036",2025,"ROB",15,10.9
"350000121",2021,"COE",361,90.9
"350000121",2021,"LAP",36,9.1
"350000121",2022,"COE",305,95.3
"350000121",2022,"LAP",12,3.8
"350000121",2022,"ROB",3,0.9
"350000121",2023,"COE",302,90.7
"350000121",2023,"LAP",15,4.5
"350000121",2023,"ROB",16,4.8
"350000121",2024,"COE",276,86.5
"350000121",2024,"LAP",29,9.1
"350000121",2024,"ROB",14,4.4
"350000121",2025,"COE",127,92
"350000121",2025,"LAP",8,5.8
"350000121",2025,"ROB",3,2.2
"350000139",2021,"COE",18,100
"350000139",2022,"COE",30,100
"350000139",2023,"COE",35,100
"350000139",2024,"COE",71,100
"350000139",2025,"COE",39,97.5
"350000139",2025,"ROB",1,2.5
"350000147",2021,"COE",48,96
"350000147",2021,"LAP",2,4
"350000147",2022,"COE",51,98.1
"350000147",2022,"ROB",1,1.9
"350000147",2023,"COE",39,92.9
"350000147",2023,"LAP",3,7.1
"350000147",2024,"COE",43,86
"350000147",2024,"LAP",7,14
"350000147",2025,"COE",17,94.4
"350000147",2025,"LAP",1,5.6
"350000741",2021,"COE",48,98
"350000741",2021,"LAP",1,2
"350000741",2022,"COE",46,100
"350000741",2023,"COE",42,100
"350000741",2025,"COE",13,100
"360000129",2021,"COE",24,100
"360000129",2022,"COE",45,100
"360000129",2023,"COE",33,100
"360000129",2024,"COE",57,100
"360000129",2025,"COE",48,100
"370000093",2021,"COE",166,100
"370000093",2022,"COE",138,98.6
"370000093",2022,"ROB",2,1.4
"370000093",2023,"COE",122,78.7
"370000093",2023,"ROB",33,21.3
"370000093",2024,"COE",106,81.5
"370000093",2024,"ROB",24,18.5
"370000093",2025,"COE",53,75.7
"370000093",2025,"ROB",17,24.3
"370004467",2021,"COE",41,100
"370004467",2022,"COE",60,96.8
"370004467",2022,"LAP",2,3.2
"370004467",2023,"COE",53,100
"370004467",2024,"COE",39,95.1
"370004467",2024,"LAP",2,4.9
"370004467",2025,"COE",24,100
"370007569",2021,"COE",53,98.1
"370007569",2021,"ROB",1,1.9
"370007569",2022,"COE",54,100
"370007569",2023,"COE",57,100
"370007569",2024,"COE",48,100
"370007569",2025,"COE",8,100
"380000067",2021,"COE",90,85.7
"380000067",2021,"LAP",2,1.9
"380000067",2021,"ROB",13,12.4
"380000067",2022,"COE",82,80.4
"380000067",2022,"ROB",20,19.6
"380000067",2023,"COE",83,74.8
"380000067",2023,"ROB",28,25.2
"380000067",2024,"COE",78,67.8
"380000067",2024,"ROB",37,32.2
"380000067",2025,"COE",30,60
"380000067",2025,"ROB",20,40
"380000174",2021,"COE",33,97.1
"380000174",2021,"LAP",1,2.9
"380000174",2022,"COE",42,100
"380000174",2023,"COE",32,100
"380000174",2024,"COE",63,100
"380000174",2025,"COE",25,100
"380012658",2021,"COE",78,100
"380012658",2022,"COE",93,100
"380012658",2023,"COE",68,100
"380012658",2024,"COE",48,100
"380012658",2025,"COE",12,100
"380780197",2021,"COE",86,98.9
"380780197",2021,"ROB",1,1.1
"380780197",2022,"COE",55,100
"380780197",2023,"COE",65,100
"380780197",2024,"COE",107,100
"380780197",2025,"COE",41,100
"380785956",2021,"COE",324,96.7
"380785956",2021,"LAP",9,2.7
"380785956",2021,"ROB",2,0.6
"380785956",2022,"COE",219,86.6
"380785956",2022,"LAP",5,2
"380785956",2022,"ROB",29,11.5
"380785956",2023,"COE",206,84.8
"380785956",2023,"ROB",37,15.2
"380785956",2024,"COE",196,93.8
"380785956",2024,"ROB",13,6.2
"380785956",2025,"COE",88,83.8
"380785956",2025,"ROB",17,16.2
"400000105",2021,"COE",84,95.5
"400000105",2021,"LAP",1,1.1
"400000105",2021,"ROB",3,3.4
"400000105",2022,"COE",76,80.9
"400000105",2022,"LAP",1,1.1
"400000105",2022,"ROB",17,18.1
"400000105",2023,"COE",67,72.8
"400000105",2023,"ROB",25,27.2
"400000105",2024,"COE",95,77.2
"400000105",2024,"ROB",28,22.8
"400000105",2025,"COE",34,75.6
"400000105",2025,"LAP",1,2.2
"400000105",2025,"ROB",10,22.2
"410000020",2021,"COE",52,96.3
"410000020",2021,"LAP",2,3.7
"410000020",2022,"COE",53,96.4
"410000020",2022,"LAP",1,1.8
"410000020",2022,"ROB",1,1.8
"410000020",2023,"COE",61,98.4
"410000020",2023,"LAP",1,1.6
"410000020",2024,"COE",40,97.6
"410000020",2024,"LAP",1,2.4
"410000020",2025,"COE",18,94.7
"410000020",2025,"LAP",1,5.3
"420010050",2021,"COE",257,86.8
"420010050",2021,"ROB",39,13.2
"420010050",2022,"COE",226,84
"420010050",2022,"ROB",43,16
"420010050",2023,"COE",167,76.6
"420010050",2023,"ROB",51,23.4
"420010050",2024,"COE",173,81.2
"420010050",2024,"ROB",40,18.8
"420010050",2025,"COE",103,74.1
"420010050",2025,"ROB",36,25.9
"420011413",2021,"COE",174,99.4
"420011413",2021,"LAP",1,0.6
"420011413",2022,"COE",196,99.5
"420011413",2022,"LAP",1,0.5
"420011413",2023,"COE",188,100
"420011413",2024,"COE",203,100
"420011413",2025,"COE",88,100
"420785354",2021,"COE",59,100
"420785354",2022,"COE",77,98.7
"420785354",2022,"LAP",1,1.3
"420785354",2023,"COE",59,100
"420785354",2024,"COE",65,100
"420785354",2025,"COE",40,100
"430000117",2021,"COE",46,97.9
"430000117",2021,"LAP",1,2.1
"430000117",2022,"COE",42,100
"430000117",2023,"COE",24,96
"430000117",2023,"LAP",1,4
"430000117",2024,"COE",39,92.9
"430000117",2024,"LAP",3,7.1
"430000117",2025,"COE",13,92.9
"430000117",2025,"LAP",1,7.1
"440000271",2021,"COE",153,98.1
"440000271",2021,"LAP",2,1.3
"440000271",2021,"ROB",1,0.6
"440000271",2022,"COE",176,99.4
"440000271",2022,"LAP",1,0.6
"440000271",2023,"COE",124,98.4
"440000271",2023,"LAP",1,0.8
"440000271",2023,"ROB",1,0.8
"440000271",2024,"COE",138,100
"440000271",2025,"COE",55,98.2
"440000271",2025,"LAP",1,1.8
"440000412",2021,"COE",192,99.5
"440000412",2021,"LAP",1,0.5
"440000412",2022,"COE",224,99.6
"440000412",2022,"LAP",1,0.4
"440000412",2023,"COE",161,100
"440000412",2024,"COE",156,100
"440000412",2025,"COE",95,100
"440029338",2021,"COE",154,97.5
"440029338",2021,"LAP",1,0.6
"440029338",2021,"ROB",3,1.9
"440029338",2022,"COE",153,100
"440029338",2023,"COE",137,98.6
"440029338",2023,"ROB",2,1.4
"440029338",2024,"COE",125,97.7
"440029338",2024,"ROB",3,2.3
"440029338",2025,"COE",62,98.4
"440029338",2025,"LAP",1,1.6
"440033819",2021,"COE",155,99.4
"440033819",2021,"LAP",1,0.6
"440033819",2022,"COE",135,100
"440033819",2023,"COE",158,100
"440033819",2024,"COE",129,100
"440033819",2025,"COE",72,98.6
"440033819",2025,"LAP",1,1.4
"440050433",2021,"COE",123,100
"440050433",2022,"COE",121,100
"440050433",2023,"COE",121,99.2
"440050433",2023,"LAP",1,0.8
"440050433",2024,"COE",79,91.9
"440050433",2024,"ROB",7,8.1
"440050433",2025,"COE",41,74.5
"440050433",2025,"LAP",1,1.8
"440050433",2025,"ROB",13,23.6
"450002613",2021,"COE",43,32.1
"450002613",2021,"LAP",2,1.5
"450002613",2021,"ROB",89,66.4
"450002613",2022,"COE",50,30.9
"450002613",2022,"ROB",112,69.1
"450002613",2023,"COE",51,29.7
"450002613",2023,"LAP",1,0.6
"450002613",2023,"ROB",120,69.8
"450002613",2024,"COE",86,55.8
"450002613",2024,"LAP",1,0.6
"450002613",2024,"ROB",67,43.5
"450002613",2025,"COE",27,33.3
"450002613",2025,"ROB",54,66.7
"450010079",2021,"COE",50,100
"450010079",2022,"COE",34,100
"450010079",2023,"COE",35,100
"450010079",2024,"COE",28,100
"450010079",2025,"COE",12,100
"460000045",2021,"COE",35,100
"460000045",2022,"COE",34,100
"460000045",2023,"COE",36,100
"460000045",2024,"COE",35,100
"460000045",2025,"COE",22,100
"470000027",2021,"COE",28,100
"470000027",2022,"COE",61,100
"470000027",2023,"COE",68,100
"470000027",2024,"COE",73,98.6
"470000027",2024,"LAP",1,1.4
"470000027",2025,"COE",33,68.8
"470000027",2025,"ROB",15,31.2
"470000423",2021,"COE",23,100
"470000423",2022,"COE",42,100
"470000423",2023,"COE",39,100
"470000423",2024,"COE",35,100
"470000423",2025,"COE",16,100
"470016049",2021,"COE",103,99
"470016049",2021,"ROB",1,1
"470016049",2022,"COE",93,100
"470016049",2023,"COE",100,97.1
"470016049",2023,"LAP",1,1
"470016049",2023,"ROB",2,1.9
"470016049",2024,"COE",97,99
"470016049",2024,"ROB",1,1
"470016049",2025,"COE",37,100
"490000049",2021,"COE",24,100
"490000049",2022,"COE",38,100
"490000049",2023,"COE",40,97.6
"490000049",2023,"LAP",1,2.4
"490000049",2024,"COE",31,100
"490000049",2025,"COE",19,95
"490000049",2025,"ROB",1,5
"490014909",2021,"COE",353,76.4
"490014909",2021,"ROB",109,23.6
"490014909",2022,"COE",379,82.4
"490014909",2022,"ROB",81,17.6
"490014909",2023,"COE",334,80.1
"490014909",2023,"ROB",83,19.9
"490014909",2024,"COE",366,88.2
"490014909",2024,"ROB",49,11.8
"490014909",2025,"COE",129,86
"490014909",2025,"ROB",21,14
"500000146",2023,"COE",23,100
"500000146",2024,"COE",56,100
"500000146",2025,"COE",43,100
"500000187",2021,"COE",49,100
"500000187",2022,"COE",42,100
"500000187",2023,"COE",49,98
"500000187",2023,"LAP",1,2
"500000187",2024,"COE",28,100
"500000187",2025,"COE",14,100
"500000203",2021,"COE",39,100
"500000203",2022,"COE",40,100
"500000203",2023,"COE",55,100
"500000203",2024,"COE",27,100
"500000450",2021,"COE",66,98.5
"500000450",2021,"ROB",1,1.5
"500000450",2022,"COE",63,95.5
"500000450",2022,"ROB",3,4.5
"500000450",2023,"COE",52,98.1
"500000450",2023,"ROB",1,1.9
"500000450",2024,"COE",58,100
"500000450",2025,"COE",32,100
"500002357",2021,"COE",32,100
"500002357",2022,"COE",51,100
"500002357",2023,"COE",54,100
"500002357",2024,"COE",53,98.1
"500002357",2024,"LAP",1,1.9
"500002357",2025,"COE",33,100
"510002447",2021,"COE",48,100
"510002447",2022,"COE",58,84.1
"510002447",2022,"ROB",11,15.9
"510002447",2023,"COE",77,77
"510002447",2023,"LAP",3,3
"510002447",2023,"ROB",20,20
"510002447",2024,"COE",81,88
"510002447",2024,"ROB",11,12
"510002447",2025,"COE",36,81.8
"510002447",2025,"ROB",8,18.2
"510024979",2021,"COE",239,99.6
"510024979",2021,"LAP",1,0.4
"510024979",2022,"COE",222,100
"510024979",2023,"COE",228,99.1
"510024979",2023,"LAP",1,0.4
"510024979",2023,"ROB",1,0.4
"510024979",2024,"COE",180,100
"510024979",2025,"COE",119,100
"540000478",2021,"COE",54,100
"540000478",2022,"COE",65,100
"540000478",2023,"COE",62,100
"540000478",2024,"COE",68,98.6
"540000478",2024,"LAP",1,1.4
"540000478",2025,"COE",48,98
"540000478",2025,"LAP",1,2
"540000486",2021,"COE",208,99
"540000486",2021,"LAP",2,1
"540000486",2022,"COE",140,98.6
"540000486",2022,"LAP",2,1.4
"540001096",2021,"COE",48,98
"540001096",2021,"ROB",1,2
"540001096",2022,"COE",50,100
"540001096",2023,"COE",60,100
"540001096",2024,"COE",78,100
"540001096",2025,"COE",37,100
"540002698",2021,"COE",159,84.6
"540002698",2021,"LAP",3,1.6
"540002698",2021,"ROB",26,13.8
"540002698",2022,"COE",190,80.2
"540002698",2022,"LAP",5,2.1
"540002698",2022,"ROB",42,17.7
"540002698",2023,"COE",158,72.5
"540002698",2023,"LAP",4,1.8
"540002698",2023,"ROB",56,25.7
"540002698",2024,"COE",178,73.9
"540002698",2024,"LAP",2,0.8
"540002698",2024,"ROB",61,25.3
"540002698",2025,"COE",75,60
"540002698",2025,"LAP",1,0.8
"540002698",2025,"ROB",49,39.2
"540026895",2022,"COE",43,100
"540026895",2023,"COE",195,100
"540026895",2024,"COE",110,85.9
"540026895",2024,"LAP",1,0.8
"540026895",2024,"ROB",17,13.3
"540026895",2025,"COE",81,100
"550000178",2021,"COE",37,100
"550000178",2022,"COE",27,100
"550000178",2023,"COE",36,94.7
"550000178",2023,"LAP",1,2.6
"550000178",2023,"ROB",1,2.6
"550000178",2024,"COE",16,94.1
"550000178",2024,"ROB",1,5.9
"560000127",2021,"COE",36,97.3
"560000127",2021,"LAP",1,2.7
"560000127",2022,"COE",35,97.2
"560000127",2022,"LAP",1,2.8
"560000127",2023,"COE",40,87
"560000127",2023,"LAP",5,10.9
"560000127",2023,"ROB",1,2.2
"560000127",2024,"COE",45,95.7
"560000127",2024,"LAP",2,4.3
"560000127",2025,"COE",19,95
"560000127",2025,"LAP",1,5
"560000135",2021,"COE",17,38.6
"560000135",2021,"ROB",27,61.4
"560000135",2022,"COE",18,32.7
"560000135",2022,"ROB",37,67.3
"560000135",2023,"COE",21,41.2
"560000135",2023,"ROB",30,58.8
"560000135",2024,"COE",31,56.4
"560000135",2024,"ROB",24,43.6
"560000135",2025,"COE",11,57.9
"560000135",2025,"LAP",1,5.3
"560000135",2025,"ROB",7,36.8
"560000143",2021,"COE",50,100
"560000143",2022,"COE",38,100
"560000143",2023,"COE",46,97.9
"560000143",2023,"LAP",1,2.1
"560000143",2024,"COE",36,100
"560000143",2025,"COE",24,100
"560008799",2021,"COE",178,99.4
"560008799",2021,"LAP",1,0.6
"560008799",2022,"COE",175,99.4
"560008799",2022,"LAP",1,0.6
"560008799",2023,"COE",156,99.4
"560008799",2023,"LAP",1,0.6
"560008799",2024,"COE",107,99.1
"560008799",2024,"LAP",1,0.9
"560008799",2025,"COE",39,100
"560029068",2021,"COE",38,97.4
"560029068",2021,"ROB",1,2.6
"560029068",2022,"COE",39,97.5
"560029068",2022,"ROB",1,2.5
"560029068",2023,"COE",36,100
"560029068",2024,"COE",22,100
"560029068",2025,"COE",12,100
"570000059",2021,"COE",124,100
"570000059",2022,"COE",115,99.1
"570000059",2022,"ROB",1,0.9
"570000059",2023,"COE",95,100
"570000059",2024,"COE",65,100
"570000059",2025,"COE",27,100
"570000083",2021,"COE",154,99.4
"570000083",2021,"LAP",1,0.6
"570000083",2022,"COE",124,100
"570000083",2023,"COE",109,100
"570000083",2024,"COE",100,100
"570000083",2025,"COE",57,100
"570000349",2021,"COE",26,92.9
"570000349",2021,"LAP",2,7.1
"570000349",2022,"COE",59,100
"570000349",2023,"COE",50,100
"570000349",2024,"COE",35,100
"570000349",2025,"COE",15,100
"570000356",2023,"COE",22,100
"570000356",2024,"COE",36,97.3
"570000356",2024,"LAP",1,2.7
"570000356",2025,"COE",9,90
"570000356",2025,"LAP",1,10
"570000646",2021,"COE",61,100
"570000646",2022,"COE",57,100
"570000646",2023,"COE",93,94.9
"570000646",2023,"ROB",5,5.1
"570000646",2024,"COE",65,97
"570000646",2024,"ROB",2,3
"570000646",2025,"COE",35,92.1
"570000646",2025,"ROB",3,7.9
"570026252",2021,"COE",54,100
"570026252",2022,"COE",62,98.4
"570026252",2022,"LAP",1,1.6
"570026252",2023,"COE",72,100
"570026252",2024,"COE",63,98.4
"570026252",2024,"ROB",1,1.6
"570026252",2025,"COE",30,81.1
"570026252",2025,"ROB",7,18.9
"570026682",2021,"COE",39,100
"570026682",2022,"COE",72,98.6
"570026682",2022,"LAP",1,1.4
"570026682",2023,"COE",48,92.3
"570026682",2023,"ROB",4,7.7
"570026682",2024,"COE",40,83.3
"570026682",2024,"ROB",8,16.7
"570026682",2025,"COE",4,25
"570026682",2025,"ROB",12,75
"590000337",2021,"COE",31,96.9
"590000337",2021,"ROB",1,3.1
"590000337",2022,"COE",36,97.3
"590000337",2022,"LAP",1,2.7
"590000337",2023,"COE",22,100
"590000337",2024,"COE",49,100
"590000337",2025,"COE",28,93.3
"590000337",2025,"ROB",2,6.7
"590000428",2021,"COE",17,100
"590000428",2022,"COE",44,97.8
"590000428",2022,"ROB",1,2.2
"590000428",2023,"COE",64,100
"590000428",2024,"COE",37,63.8
"590000428",2024,"ROB",21,36.2
"590000428",2025,"COE",3,8.1
"590000428",2025,"ROB",34,91.9
"590000592",2021,"COE",115,97.5
"590000592",2021,"LAP",1,0.8
"590000592",2021,"ROB",2,1.7
"590000592",2022,"COE",77,98.7
"590000592",2022,"ROB",1,1.3
"590000592",2023,"COE",75,91.5
"590000592",2023,"LAP",4,4.9
"590000592",2023,"ROB",3,3.7
"590000592",2024,"COE",57,98.3
"590000592",2024,"ROB",1,1.7
"590000592",2025,"COE",33,100
"590000618",2021,"COE",122,98.4
"590000618",2021,"LAP",2,1.6
"590000618",2022,"COE",97,86.6
"590000618",2022,"ROB",15,13.4
"590000618",2023,"COE",82,75.9
"590000618",2023,"ROB",26,24.1
"590000618",2024,"COE",76,77.6
"590000618",2024,"ROB",22,22.4
"590000618",2025,"COE",32,64
"590000618",2025,"LAP",1,2
"590000618",2025,"ROB",17,34
"590006896",2021,"COE",46,100
"590006896",2022,"COE",43,100
"590006896",2023,"COE",48,100
"590006896",2024,"COE",36,100
"590006896",2025,"COE",19,100
"590008041",2021,"COE",372,99.5
"590008041",2021,"LAP",1,0.3
"590008041",2021,"ROB",1,0.3
"590008041",2022,"COE",402,99.8
"590008041",2022,"LAP",1,0.2
"590008041",2023,"COE",368,99.7
"590008041",2023,"LAP",1,0.3
"590008041",2024,"COE",351,99.7
"590008041",2024,"LAP",1,0.3
"590008041",2025,"COE",181,100
"590052056",2021,"COE",157,99.4
"590052056",2021,"LAP",1,0.6
"590052056",2022,"COE",102,98.1
"590052056",2022,"LAP",1,1
"590052056",2022,"ROB",1,1
"590052056",2023,"COE",123,99.2
"590052056",2023,"LAP",1,0.8
"590052056",2024,"COE",106,97.2
"590052056",2024,"LAP",3,2.8
"590052056",2025,"COE",54,100
"590780268",2021,"COE",90,100
"590780268",2022,"COE",83,88.3
"590780268",2022,"LAP",10,10.6
"590780268",2022,"ROB",1,1.1
"590780268",2023,"COE",77,80.2
"590780268",2023,"LAP",19,19.8
"590780268",2024,"COE",56,80
"590780268",2024,"LAP",14,20
"590780268",2025,"COE",31,88.6
"590780268",2025,"LAP",4,11.4
"590780284",2021,"COE",112,99.1
"590780284",2021,"LAP",1,0.9
"590780284",2022,"COE",122,100
"590780284",2023,"COE",110,76.9
"590780284",2023,"ROB",33,23.1
"590780284",2024,"COE",133,79.6
"590780284",2024,"ROB",34,20.4
"590780284",2025,"COE",24,36.4
"590780284",2025,"LAP",1,1.5
"590780284",2025,"ROB",41,62.1
"590780383",2021,"COE",397,99
"590780383",2021,"ROB",4,1
"590780383",2022,"COE",363,98.1
"590780383",2022,"LAP",1,0.3
"590780383",2022,"ROB",6,1.6
"590780383",2023,"COE",310,98.7
"590780383",2023,"ROB",4,1.3
"590780383",2024,"COE",303,99.7
"590780383",2024,"LAP",1,0.3
"590780383",2025,"COE",175,98.9
"590780383",2025,"ROB",2,1.1
"590801106",2021,"COE",30,88.2
"590801106",2021,"ROB",4,11.8
"590801106",2022,"COE",46,92
"590801106",2022,"LAP",2,4
"590801106",2022,"ROB",2,4
"590801106",2023,"COE",39,88.6
"590801106",2023,"LAP",1,2.3
"590801106",2023,"ROB",4,9.1
"590801106",2024,"COE",12,100
"590801106",2025,"COE",22,78.6
"590801106",2025,"ROB",6,21.4
"590811279",2021,"COE",207,75.8
"590811279",2021,"LAP",5,1.8
"590811279",2021,"ROB",61,22.3
"590811279",2022,"COE",210,77.8
"590811279",2022,"LAP",4,1.5
"590811279",2022,"ROB",56,20.7
"590811279",2023,"COE",202,76.2
"590811279",2023,"LAP",7,2.6
"590811279",2023,"ROB",56,21.1
"590811279",2024,"COE",164,78.1
"590811279",2024,"ROB",46,21.9
"590811279",2025,"COE",56,61.5
"590811279",2025,"LAP",1,1.1
"590811279",2025,"ROB",34,37.4
"590813507",2021,"COE",47,100
"590813507",2022,"COE",54,100
"590813507",2023,"COE",50,100
"590813507",2024,"COE",52,100
"590813507",2025,"COE",34,100
"590815056",2021,"COE",188,98.4
"590815056",2021,"LAP",2,1
"590815056",2021,"ROB",1,0.5
"590815056",2022,"COE",186,100
"590815056",2023,"COE",212,100
"590815056",2024,"COE",160,97.6
"590815056",2024,"LAP",4,2.4
"590815056",2025,"COE",65,100
"590816310",2021,"COE",60,98.4
"590816310",2021,"ROB",1,1.6
"590816310",2022,"COE",76,100
"590816310",2023,"COE",76,98.7
"590816310",2023,"ROB",1,1.3
"590816310",2024,"COE",59,75.6
"590816310",2024,"ROB",19,24.4
"590816310",2025,"COE",43,97.7
"590816310",2025,"ROB",1,2.3
"590817458",2021,"COE",53,91.4
"590817458",2021,"ROB",5,8.6
"590817458",2022,"COE",60,98.4
"590817458",2022,"ROB",1,1.6
"590817458",2023,"COE",44,97.8
"590817458",2023,"ROB",1,2.2
"590817458",2024,"COE",45,97.8
"590817458",2024,"ROB",1,2.2
"590817458",2025,"COE",23,100
"600000467",2021,"COE",24,100
"600000467",2022,"COE",27,93.1
"600000467",2022,"LAP",2,6.9
"600000467",2023,"COE",71,100
"600000467",2024,"COE",90,100
"600000467",2025,"COE",39,97.5
"600000467",2025,"LAP",1,2.5
"600010862",2021,"COE",32,97
"600010862",2021,"LAP",1,3
"600010862",2022,"COE",26,100
"600010862",2023,"COE",32,100
"600010862",2024,"COE",31,100
"600100754",2021,"COE",279,98.2
"600100754",2021,"ROB",5,1.8
"600100754",2022,"COE",253,100
"600100754",2023,"COE",208,100
"600100754",2024,"COE",182,99.5
"600100754",2024,"ROB",1,0.5
"600100754",2025,"COE",96,100
"600110175",2021,"COE",94,100
"600110175",2022,"COE",108,99.1
"600110175",2022,"LAP",1,0.9
"600110175",2023,"COE",101,100
"600110175",2024,"COE",106,100
"600110175",2025,"COE",68,100
"600113476",2021,"COE",110,99.1
"600113476",2021,"LAP",1,0.9
"600113476",2022,"COE",107,99.1
"600113476",2022,"LAP",1,0.9
"600113476",2023,"COE",92,98.9
"600113476",2023,"LAP",1,1.1
"600113476",2024,"COE",104,100
"600113476",2025,"COE",55,100
"610000069",2021,"COE",69,100
"610000069",2022,"COE",52,100
"610000069",2023,"COE",50,100
"610000069",2024,"COE",55,100
"610000069",2025,"COE",40,100
"610000119",2021,"COE",44,100
"610000119",2022,"COE",43,97.7
"610000119",2022,"LAP",1,2.3
"610000119",2023,"COE",33,100
"610000119",2024,"COE",41,100
"610000119",2025,"COE",17,100
"620000224",2021,"COE",24,100
"620000224",2022,"COE",30,100
"620000224",2023,"COE",49,100
"620000224",2024,"COE",47,100
"620000224",2025,"COE",23,100
"620000653",2021,"COE",48,88.9
"620000653",2021,"LAP",1,1.9
"620000653",2021,"ROB",5,9.3
"620000653",2022,"COE",55,100
"620000653",2023,"COE",65,100
"620000653",2024,"COE",54,93.1
"620000653",2024,"ROB",4,6.9
"620000653",2025,"COE",30,83.3
"620000653",2025,"ROB",6,16.7
"620003202",2021,"COE",57,100
"620003202",2022,"COE",40,100
"620003202",2023,"COE",53,100
"620003202",2024,"COE",48,98
"620003202",2024,"LAP",1,2
"620003202",2025,"COE",11,91.7
"620003202",2025,"LAP",1,8.3
"620003376",2021,"COE",95,66.9
"620003376",2021,"ROB",47,33.1
"620003376",2022,"COE",60,58.8
"620003376",2022,"ROB",42,41.2
"620003376",2023,"COE",53,67.9
"620003376",2023,"ROB",25,32.1
"620003376",2024,"COE",72,81.8
"620003376",2024,"ROB",16,18.2
"620003376",2025,"COE",27,81.8
"620003376",2025,"ROB",6,18.2
"620006049",2021,"COE",42,100
"620006049",2022,"COE",54,100
"620006049",2023,"COE",43,100
"620006049",2024,"COE",52,98.1
"620006049",2024,"LAP",1,1.9
"620006049",2025,"COE",27,100
"620100099",2021,"COE",40,100
"620100099",2022,"COE",52,98.1
"620100099",2022,"ROB",1,1.9
"620100099",2023,"COE",86,92.5
"620100099",2023,"LAP",1,1.1
"620100099",2023,"ROB",6,6.5
"620100099",2024,"COE",56,93.3
"620100099",2024,"ROB",4,6.7
"620100099",2025,"COE",24,96
"620100099",2025,"ROB",1,4
"620100750",2021,"COE",259,100
"620100750",2022,"COE",240,100
"620100750",2023,"COE",206,100
"620100750",2024,"COE",133,100
"620100750",2025,"COE",123,100
"620101311",2021,"COE",26,100
"620101311",2022,"COE",29,96.7
"620101311",2022,"LAP",1,3.3
"620101311",2023,"COE",28,100
"620101311",2024,"COE",55,100
"620101311",2025,"COE",20,100
"620101501",2021,"COE",95,100
"620101501",2022,"COE",108,99.1
"620101501",2022,"LAP",1,0.9
"620101501",2023,"COE",78,95.1
"620101501",2023,"ROB",4,4.9
"620101501",2024,"COE",53,100
"620101501",2025,"COE",32,100
"620118513",2021,"COE",48,100
"620118513",2022,"COE",42,97.7
"620118513",2022,"LAP",1,2.3
"620118513",2023,"COE",81,98.8
"620118513",2023,"LAP",1,1.2
"620118513",2024,"COE",50,100
"620118513",2025,"COE",39,100
"630780211",2023,"COE",5,100
"630780211",2024,"COE",134,99.3
"630780211",2024,"LAP",1,0.7
"630780211",2025,"COE",78,100
"630780369",2021,"COE",77,100
"630780369",2022,"COE",74,100
"630780369",2023,"COE",101,100
"630781268",2021,"COE",82,100
"630781268",2022,"COE",63,100
"630781268",2023,"COE",46,97.9
"630781268",2023,"LAP",1,2.1
"630781268",2024,"COE",37,92.5
"630781268",2024,"LAP",2,5
"630781268",2024,"ROB",1,2.5
"630781268",2025,"COE",17,85
"630781268",2025,"ROB",3,15
"630781839",2021,"COE",45,100
"630781839",2022,"COE",41,100
"630781839",2023,"COE",52,100
"630781839",2024,"COE",48,100
"630781839",2025,"COE",20,100
"640000162",2021,"COE",66,77.6
"640000162",2021,"LAP",1,1.2
"640000162",2021,"ROB",18,21.2
"640000162",2022,"COE",73,83.9
"640000162",2022,"ROB",14,16.1
"640000162",2023,"COE",79,92.9
"640000162",2023,"ROB",6,7.1
"640000162",2024,"COE",70,92.1
"640000162",2024,"ROB",6,7.9
"640000162",2025,"COE",22,84.6
"640000162",2025,"LAP",1,3.8
"640000162",2025,"ROB",3,11.5
"640000600",2021,"COE",38,97.4
"640000600",2021,"LAP",1,2.6
"640000600",2022,"COE",30,96.8
"640000600",2022,"LAP",1,3.2
"640000600",2023,"COE",30,100
"640000600",2024,"COE",39,100
"640000600",2025,"COE",13,100
"640018206",2021,"COE",96,99
"640018206",2021,"ROB",1,1
"640018206",2022,"COE",90,98.9
"640018206",2022,"ROB",1,1.1
"640018206",2023,"COE",89,100
"640018206",2024,"COE",98,99
"640018206",2024,"LAP",1,1
"640018206",2025,"COE",41,100
"640780946",2021,"COE",140,100
"640780946",2022,"COE",144,100
"640780946",2023,"COE",214,100
"640780946",2024,"COE",197,100
"640780946",2025,"COE",63,100
"660000084",2021,"ROB",25,100
"660000084",2022,"COE",7,18.4
"660000084",2022,"ROB",31,81.6
"660000084",2023,"COE",2,5.7
"660000084",2023,"ROB",33,94.3
"660000084",2024,"COE",12,37.5
"660000084",2024,"LAP",1,3.1
"660000084",2024,"ROB",19,59.4
"660000084",2025,"COE",4,26.7
"660000084",2025,"ROB",11,73.3
"660006305",2021,"COE",57,95
"660006305",2021,"LAP",2,3.3
"660006305",2021,"ROB",1,1.7
"660006305",2022,"COE",70,97.2
"660006305",2022,"LAP",1,1.4
"660006305",2022,"ROB",1,1.4
"660006305",2023,"COE",66,98.5
"660006305",2023,"ROB",1,1.5
"660006305",2024,"COE",60,96.8
"660006305",2024,"LAP",1,1.6
"660006305",2024,"ROB",1,1.6
"660006305",2025,"COE",19,86.4
"660006305",2025,"ROB",3,13.6
"660780669",2021,"COE",148,100
"660780669",2022,"COE",121,99.2
"660780669",2022,"LAP",1,0.8
"660780669",2023,"COE",132,100
"660780669",2024,"COE",143,100
"660780669",2025,"COE",40,100
"660780784",2021,"COE",144,100
"660780784",2022,"COE",113,85.6
"660780784",2022,"LAP",1,0.8
"660780784",2022,"ROB",18,13.6
"660780784",2023,"COE",73,100
"660780784",2024,"COE",59,98.3
"660780784",2024,"LAP",1,1.7
"660780784",2025,"COE",15,100
"670000025",2021,"COE",131,70.4
"670000025",2021,"ROB",55,29.6
"670000025",2022,"COE",108,64.7
"670000025",2022,"LAP",1,0.6
"670000025",2022,"ROB",58,34.7
"670000025",2023,"COE",149,70.6
"670000025",2023,"ROB",62,29.4
"670000025",2024,"COE",188,87.4
"670000025",2024,"ROB",27,12.6
"670000025",2025,"COE",72,79.1
"670000025",2025,"ROB",19,20.9
"670000165",2021,"COE",64,100
"670000165",2022,"COE",57,100
"670000165",2023,"COE",49,100
"670000165",2024,"COE",47,100
"670000165",2025,"COE",27,100
"670018068",2021,"COE",299,100
"670018068",2022,"COE",281,100
"670018068",2023,"COE",279,100
"670018068",2024,"COE",283,100
"670018068",2025,"COE",147,100
"670780170",2021,"COE",159,100
"670780170",2022,"COE",149,99.3
"670780170",2022,"ROB",1,0.7
"670780170",2023,"COE",164,100
"670780170",2024,"COE",135,100
"670780170",2025,"COE",116,100
"670780212",2021,"COE",123,99.2
"670780212",2021,"LAP",1,0.8
"670780212",2022,"COE",109,94.8
"670780212",2022,"LAP",6,5.2
"670780212",2023,"COE",101,99
"670780212",2023,"LAP",1,1
"670780212",2024,"COE",81,98.8
"670780212",2024,"LAP",1,1.2
"670780212",2025,"COE",55,96.5
"670780212",2025,"LAP",2,3.5
"670780378",2021,"COE",41,100
"670780378",2022,"COE",58,100
"670780378",2023,"COE",59,96.7
"670780378",2023,"LAP",2,3.3
"670780378",2024,"COE",41,100
"670780378",2025,"COE",28,96.6
"670780378",2025,"LAP",1,3.4
"670780386",2021,"COE",23,100
"670780386",2022,"COE",29,100
"670780386",2023,"COE",30,100
"670780386",2024,"COE",25,96.2
"670780386",2024,"ROB",1,3.8
"670783273",2021,"COE",36,97.3
"670783273",2021,"LAP",1,2.7
"670783273",2022,"COE",25,100
"670783273",2023,"COE",37,100
"670783273",2024,"COE",11,100
"670783273",2025,"COE",2,100
"680000494",2021,"COE",391,99.5
"680000494",2021,"ROB",2,0.5
"680000494",2022,"COE",320,99.7
"680000494",2022,"ROB",1,0.3
"680000494",2023,"COE",296,98.7
"680000494",2023,"ROB",4,1.3
"680000494",2024,"COE",247,100
"680000494",2025,"COE",129,100
"680000684",2021,"COE",140,100
"680000684",2022,"COE",149,100
"680000684",2023,"COE",142,94
"680000684",2023,"LAP",2,1.3
"680000684",2023,"ROB",7,4.6
"680000684",2024,"COE",164,89.1
"680000684",2024,"LAP",1,0.5
"680000684",2024,"ROB",19,10.3
"680000684",2025,"COE",80,81.6
"680000684",2025,"ROB",18,18.4
"680004546",2021,"COE",19,95
"680004546",2021,"LAP",1,5
"680004546",2022,"COE",42,97.7
"680004546",2022,"ROB",1,2.3
"680004546",2023,"COE",47,97.9
"680004546",2023,"ROB",1,2.1
"680004546",2024,"COE",53,98.1
"680004546",2024,"LAP",1,1.9
"680004546",2025,"COE",10,50
"680004546",2025,"ROB",10,50
"690000575",2021,"COE",109,99.1
"690000575",2021,"LAP",1,0.9
"690000575",2022,"COE",67,100
"690000575",2023,"COE",94,100
"690000575",2024,"COE",63,100
"690000575",2025,"COE",29,100
"690022959",2021,"COE",29,96.7
"690022959",2021,"LAP",1,3.3
"690022959",2022,"COE",54,100
"690022959",2023,"COE",51,100
"690022959",2024,"COE",50,98
"690022959",2024,"LAP",1,2
"690022959",2025,"COE",36,97.3
"690022959",2025,"LAP",1,2.7
"690023239",2021,"COE",499,99.2
"690023239",2021,"LAP",3,0.6
"690023239",2021,"ROB",1,0.2
"690023239",2022,"COE",349,100
"690023239",2023,"COE",342,99.7
"690023239",2023,"LAP",1,0.3
"690023239",2024,"COE",320,100
"690023239",2025,"COE",168,99.4
"690023239",2025,"LAP",1,0.6
"690023411",2021,"COE",140,94
"690023411",2021,"LAP",8,5.4
"690023411",2021,"ROB",1,0.7
"690023411",2022,"COE",77,92.8
"690023411",2022,"LAP",6,7.2
"690023411",2023,"COE",84,96.6
"690023411",2023,"LAP",3,3.4
"690023411",2024,"COE",60,98.4
"690023411",2024,"ROB",1,1.6
"690023411",2025,"COE",36,97.3
"690023411",2025,"ROB",1,2.7
"690041124",2021,"COE",94,100
"690041124",2022,"COE",86,100
"690041124",2023,"COE",79,100
"690041124",2024,"COE",82,100
"690041124",2025,"COE",39,100
"690054713",2024,"COE",56,98.2
"690054713",2024,"LAP",1,1.8
"690054713",2025,"COE",22,91.7
"690054713",2025,"LAP",2,8.3
"690780390",2021,"COE",220,100
"690780390",2022,"COE",166,100
"690780390",2023,"COE",110,99.1
"690780390",2023,"LAP",1,0.9
"690780390",2024,"COE",45,97.8
"690780390",2024,"LAP",1,2.2
"690780390",2025,"COE",6,100
"690780416",2021,"COE",93,97.9
"690780416",2021,"LAP",2,2.1
"690780416",2022,"COE",53,100
"690780416",2023,"COE",60,98.4
"690780416",2023,"LAP",1,1.6
"690780648",2021,"COE",978,100
"690780648",2022,"COE",794,100
"690780648",2023,"COE",749,100
"690780648",2024,"COE",663,100
"690780648",2025,"COE",328,100
"690780655",2021,"COE",272,100
"690780655",2022,"COE",311,99.7
"690780655",2022,"LAP",1,0.3
"690780655",2023,"COE",297,100
"690780655",2024,"COE",254,99.6
"690780655",2024,"LAP",1,0.4
"690780655",2025,"COE",98,74.8
"690780655",2025,"ROB",33,25.2
"690783154",2021,"COE",161,93.1
"690783154",2021,"LAP",3,1.7
"690783154",2021,"ROB",9,5.2
"690783154",2022,"COE",91,73.4
"690783154",2022,"ROB",33,26.6
"690783154",2023,"COE",84,63.2
"690783154",2023,"LAP",2,1.5
"690783154",2023,"ROB",47,35.3
"690783154",2024,"COE",72,69.2
"690783154",2024,"LAP",1,1
"690783154",2024,"ROB",31,29.8
"690783154",2025,"COE",38,66.7
"690783154",2025,"LAP",1,1.8
"690783154",2025,"ROB",18,31.6
"690793468",2021,"COE",122,100
"690793468",2022,"COE",112,99.1
"690793468",2022,"LAP",1,0.9
"690793468",2023,"COE",102,100
"690793468",2024,"COE",85,100
"690793468",2025,"COE",56,100
"690805361",2021,"COE",25,100
"690805361",2022,"COE",40,97.6
"690805361",2022,"ROB",1,2.4
"690805361",2023,"COE",35,81.4
"690805361",2023,"ROB",8,18.6
"690805361",2024,"COE",44,89.8
"690805361",2024,"ROB",5,10.2
"690805361",2025,"COE",17,89.5
"690805361",2025,"ROB",2,10.5
"690807367",2021,"COE",58,100
"690807367",2022,"COE",41,97.6
"690807367",2022,"LAP",1,2.4
"690807367",2023,"COE",50,100
"690807367",2024,"COE",38,97.4
"690807367",2024,"LAP",1,2.6
"690807367",2025,"COE",35,100
"710006859",2021,"COE",89,96.7
"710006859",2021,"LAP",3,3.3
"710006859",2022,"COE",65,100
"710006859",2023,"COE",47,100
"710006859",2024,"COE",22,100
"710006859",2025,"COE",7,100
"710010067",2021,"COE",36,100
"710010067",2022,"COE",29,96.7
"710010067",2022,"LAP",1,3.3
"710010067",2023,"COE",48,96
"710010067",2023,"LAP",1,2
"710010067",2023,"ROB",1,2
"710010067",2024,"COE",37,100
"710010067",2025,"COE",17,100
"710780917",2021,"COE",105,100
"710780917",2022,"COE",62,96.9
"710780917",2022,"ROB",2,3.1
"710780917",2023,"COE",59,90.8
"710780917",2023,"ROB",6,9.2
"710780917",2024,"COE",76,97.4
"710780917",2024,"ROB",2,2.6
"710780917",2025,"COE",42,100
"710978263",2021,"COE",48,98
"710978263",2021,"ROB",1,2
"710978263",2022,"COE",68,98.6
"710978263",2022,"LAP",1,1.4
"710978263",2023,"COE",44,100
"710978263",2024,"COE",55,100
"710978263",2025,"COE",6,19.4
"710978263",2025,"ROB",25,80.6
"710978289",2021,"COE",62,93.9
"710978289",2021,"LAP",4,6.1
"710978289",2022,"COE",50,98
"710978289",2022,"LAP",1,2
"710978289",2023,"COE",52,91.2
"710978289",2023,"LAP",5,8.8
"710978289",2024,"COE",56,83.6
"710978289",2024,"LAP",11,16.4
"710978289",2025,"COE",43,100
"720000199",2021,"COE",82,100
"720000199",2022,"COE",85,100
"720000199",2023,"COE",71,97.3
"720000199",2023,"ROB",2,2.7
"720000199",2024,"COE",66,95.7
"720000199",2024,"LAP",1,1.4
"720000199",2024,"ROB",2,2.9
"720000199",2025,"COE",41,100
"720017748",2021,"COE",53,100
"720017748",2022,"COE",40,100
"720017748",2023,"COE",47,100
"720017748",2024,"COE",47,100
"720017748",2025,"COE",14,100
"730000031",2021,"COE",46,76.7
"730000031",2021,"ROB",14,23.3
"730000031",2022,"COE",49,74.2
"730000031",2022,"ROB",17,25.8
"730000031",2023,"COE",35,64.8
"730000031",2023,"LAP",1,1.9
"730000031",2023,"ROB",18,33.3
"730000031",2024,"COE",69,87.3
"730000031",2024,"LAP",4,5.1
"730000031",2024,"ROB",6,7.6
"730000031",2025,"COE",28,90.3
"730000031",2025,"LAP",1,3.2
"730000031",2025,"ROB",2,6.5
"730004298",2021,"COE",53,100
"730004298",2022,"COE",39,100
"730004298",2023,"COE",36,100
"730004298",2024,"COE",26,96.3
"730004298",2024,"ROB",1,3.7
"730004298",2025,"COE",8,100
"740014345",2021,"COE",109,100
"740014345",2022,"COE",101,100
"740014345",2023,"COE",81,98.8
"740014345",2023,"ROB",1,1.2
"740014345",2024,"COE",91,98.9
"740014345",2024,"ROB",1,1.1
"740014345",2025,"COE",31,96.9
"740014345",2025,"ROB",1,3.1
"740780424",2021,"COE",109,94
"740780424",2021,"LAP",7,6
"740780424",2022,"COE",103,99
"740780424",2022,"LAP",1,1
"740780424",2023,"COE",85,100
"740780424",2024,"COE",75,98.7
"740780424",2024,"LAP",1,1.3
"740780424",2025,"COE",47,100
"740781141",2021,"COE",134,99.3
"740781141",2021,"LAP",1,0.7
"740781141",2022,"COE",146,99.3
"740781141",2022,"LAP",1,0.7
"740781141",2023,"COE",152,100
"740781141",2024,"COE",168,99.4
"740781141",2024,"LAP",1,0.6
"740781141",2025,"COE",46,63.9
"740781141",2025,"ROB",26,36.1
"750000523",2021,"COE",84,97.7
"750000523",2021,"LAP",1,1.2
"750000523",2021,"ROB",1,1.2
"750000523",2022,"COE",74,100
"750000523",2023,"COE",51,100
"750000523",2024,"COE",34,100
"750000523",2025,"COE",27,100
"750100125",2021,"COE",87,66.9
"750100125",2021,"LAP",3,2.3
"750100125",2021,"ROB",40,30.8
"750100125",2022,"COE",56,45.2
"750100125",2022,"LAP",4,3.2
"750100125",2022,"ROB",64,51.6
"750100125",2023,"COE",49,43.8
"750100125",2023,"LAP",5,4.5
"750100125",2023,"ROB",58,51.8
"750100125",2024,"COE",58,61.1
"750100125",2024,"LAP",3,3.2
"750100125",2024,"ROB",34,35.8
"750100125",2025,"COE",13,25
"750100125",2025,"LAP",1,1.9
"750100125",2025,"ROB",38,73.1
"750100232",2021,"COE",152,84.4
"750100232",2021,"LAP",4,2.2
"750100232",2021,"ROB",24,13.3
"750100232",2022,"COE",175,83.3
"750100232",2022,"LAP",2,1
"750100232",2022,"ROB",33,15.7
"750100232",2023,"COE",156,75.7
"750100232",2023,"LAP",2,1
"750100232",2023,"ROB",48,23.3
"750100232",2024,"COE",131,72.8
"750100232",2024,"LAP",2,1.1
"750100232",2024,"ROB",47,26.1
"750100232",2025,"COE",80,70.2
"750100232",2025,"ROB",34,29.8
"750150104",2021,"COE",154,97.5
"750150104",2021,"ROB",4,2.5
"750150104",2022,"COE",149,99.3
"750150104",2022,"LAP",1,0.7
"750150104",2023,"COE",132,95
"750150104",2023,"LAP",1,0.7
"750150104",2023,"ROB",6,4.3
"750150104",2024,"COE",73,97.3
"750150104",2024,"ROB",2,2.7
"750150104",2025,"COE",15,100
"750150237",2021,"COE",57,83.8
"750150237",2021,"ROB",11,16.2
"750150237",2022,"COE",61,88.4
"750150237",2022,"ROB",8,11.6
"750150237",2023,"COE",66,80.5
"750150237",2023,"LAP",1,1.2
"750150237",2023,"ROB",15,18.3
"750150237",2024,"COE",96,87.3
"750150237",2024,"ROB",14,12.7
"750150237",2025,"COE",42,82.4
"750150237",2025,"ROB",9,17.6
"750300071",2021,"COE",318,100
"750300071",2022,"COE",222,99.6
"750300071",2022,"LAP",1,0.4
"750300071",2023,"COE",217,97.3
"750300071",2023,"ROB",6,2.7
"750300071",2024,"COE",210,100
"750300071",2025,"COE",126,100
"750300154",2021,"COE",302,100
"750300154",2022,"COE",216,99.1
"750300154",2022,"LAP",2,0.9
"750300154",2023,"COE",131,99.2
"750300154",2023,"ROB",1,0.8
"750300154",2024,"COE",130,99.2
"750300154",2024,"ROB",1,0.8
"750300154",2025,"COE",57,100
"750300360",2021,"COE",208,98.1
"750300360",2021,"LAP",4,1.9
"750300360",2022,"COE",211,99.1
"750300360",2022,"LAP",2,0.9
"750300360",2023,"COE",176,96.7
"750300360",2023,"LAP",3,1.6
"750300360",2023,"ROB",3,1.6
"750300360",2024,"COE",137,96.5
"750300360",2024,"LAP",3,2.1
"750300360",2024,"ROB",2,1.4
"750300360",2025,"COE",97,98
"750300360",2025,"LAP",1,1
"750300360",2025,"ROB",1,1
"750300766",2021,"COE",94,100
"750300766",2022,"COE",92,98.9
"750300766",2022,"ROB",1,1.1
"750300766",2023,"COE",81,100
"750300766",2024,"COE",144,100
"750300766",2025,"COE",101,98.1
"750300766",2025,"ROB",2,1.9
"750300881",2021,"COE",226,100
"750300881",2022,"COE",208,100
"750300881",2023,"COE",162,100
"750300881",2024,"COE",71,100
"750300915",2021,"COE",233,98.7
"750300915",2021,"LAP",2,0.8
"750300915",2021,"ROB",1,0.4
"750300915",2022,"COE",13,92.9
"750300915",2022,"LAP",1,7.1
"750300915",2023,"COE",169,97.7
"750300915",2023,"ROB",4,2.3
"750300915",2024,"COE",91,98.9
"750300915",2024,"LAP",1,1.1
"750300915",2025,"COE",39,100
"750301145",2021,"COE",199,99
"750301145",2021,"LAP",2,1
"750301145",2022,"COE",173,100
"750301145",2023,"COE",137,99.3
"750301145",2023,"LAP",1,0.7
"750301145",2024,"COE",151,98.1
"750301145",2024,"LAP",3,1.9
"750301145",2025,"COE",90,98.9
"750301145",2025,"LAP",1,1.1
"750803447",2021,"COE",109,78.4
"750803447",2021,"LAP",1,0.7
"750803447",2021,"ROB",29,20.9
"750803447",2022,"COE",70,65.4
"750803447",2022,"ROB",37,34.6
"750803447",2023,"COE",76,70.4
"750803447",2023,"LAP",9,8.3
"750803447",2023,"ROB",23,21.3
"750803447",2024,"COE",74,78.7
"750803447",2024,"LAP",7,7.4
"750803447",2024,"ROB",13,13.8
"750803447",2025,"COE",47,71.2
"750803447",2025,"LAP",2,3
"750803447",2025,"ROB",17,25.8
"760000018",2021,"COE",34,100
"760000018",2022,"COE",39,95.1
"760000018",2022,"LAP",2,4.9
"760000018",2023,"COE",66,100
"760000018",2024,"COE",55,100
"760000018",2025,"COE",21,95.5
"760000018",2025,"LAP",1,4.5
"760000158",2021,"COE",148,99.3
"760000158",2021,"LAP",1,0.7
"760000158",2022,"COE",155,96.9
"760000158",2022,"LAP",1,0.6
"760000158",2022,"ROB",4,2.5
"760000158",2023,"COE",86,85.1
"760000158",2023,"ROB",15,14.9
"760000158",2024,"COE",91,95.8
"760000158",2024,"LAP",1,1.1
"760000158",2024,"ROB",3,3.2
"760000158",2025,"COE",45,80.4
"760000158",2025,"LAP",1,1.8
"760000158",2025,"ROB",10,17.9
"760000463",2021,"COE",28,100
"760000463",2022,"COE",66,100
"760000463",2023,"COE",57,100
"760000463",2024,"COE",74,100
"760000463",2025,"COE",33,100
"760021329",2021,"COE",225,99.6
"760021329",2021,"LAP",1,0.4
"760021329",2022,"COE",212,100
"760021329",2023,"COE",219,100
"760021329",2024,"COE",229,100
"760021329",2025,"COE",111,100
"760025312",2021,"COE",145,98
"760025312",2021,"ROB",3,2
"760025312",2022,"COE",112,94.9
"760025312",2022,"ROB",6,5.1
"760025312",2023,"COE",99,97.1
"760025312",2023,"ROB",3,2.9
"760025312",2024,"COE",67,93.1
"760025312",2024,"ROB",5,6.9
"760025312",2025,"COE",53,98.1
"760025312",2025,"ROB",1,1.9
"760027292",2021,"COE",68,98.6
"760027292",2021,"LAP",1,1.4
"760027292",2022,"COE",49,100
"760027292",2023,"COE",50,100
"760027292",2024,"COE",63,100
"760027292",2025,"COE",19,100
"760780510",2021,"COE",52,100
"760780510",2022,"COE",52,100
"760780510",2023,"COE",39,97.5
"760780510",2023,"ROB",1,2.5
"760780510",2024,"COE",35,100
"760780510",2025,"COE",33,100
"760780619",2021,"COE",111,100
"760780619",2022,"COE",87,100
"760780619",2023,"COE",92,98.9
"760780619",2023,"LAP",1,1.1
"760780619",2024,"COE",93,100
"760780619",2025,"COE",36,100
"760780825",2021,"COE",47,100
"760780825",2022,"COE",38,100
"760780825",2023,"COE",36,100
"760805770",2021,"COE",33,100
"760805770",2022,"COE",42,93.3
"760805770",2022,"LAP",2,4.4
"760805770",2022,"ROB",1,2.2
"760805770",2023,"COE",47,100
"760805770",2024,"COE",45,100
"760805770",2025,"COE",10,100
"760921809",2021,"COE",221,99.5
"760921809",2021,"LAP",1,0.5
"760921809",2022,"COE",210,100
"760921809",2023,"COE",164,100
"760921809",2024,"COE",169,100
"760921809",2025,"COE",110,100
"770000156",2021,"COE",21,77.8
"770000156",2021,"LAP",5,18.5
"770000156",2021,"ROB",1,3.7
"770000156",2022,"COE",26,92.9
"770000156",2022,"LAP",1,3.6
"770000156",2022,"ROB",1,3.6
"770000156",2023,"COE",25,86.2
"770000156",2023,"LAP",3,10.3
"770000156",2023,"ROB",1,3.4
"770000156",2024,"COE",22,91.7
"770000156",2024,"LAP",2,8.3
"770000164",2021,"COE",51,100
"770000164",2022,"COE",45,100
"770000164",2023,"COE",37,100
"770000164",2024,"COE",33,97.1
"770000164",2024,"LAP",1,2.9
"770000164",2025,"COE",7,87.5
"770000164",2025,"LAP",1,12.5
"770000446",2021,"COE",18,42.9
"770000446",2021,"ROB",24,57.1
"770000446",2022,"COE",19,38.8
"770000446",2022,"ROB",30,61.2
"770000446",2023,"COE",6,10.3
"770000446",2023,"ROB",52,89.7
"770000446",2024,"COE",18,39.1
"770000446",2024,"ROB",28,60.9
"770000446",2025,"COE",4,14.3
"770000446",2025,"ROB",24,85.7
"770019032",2021,"COE",62,89.9
"770019032",2021,"LAP",1,1.4
"770019032",2021,"ROB",6,8.7
"770019032",2022,"COE",60,78.9
"770019032",2022,"LAP",1,1.3
"770019032",2022,"ROB",15,19.7
"770019032",2023,"COE",44,74.6
"770019032",2023,"ROB",15,25.4
"770019032",2024,"COE",73,92.4
"770019032",2024,"ROB",6,7.6
"770019032",2025,"COE",31,86.1
"770019032",2025,"ROB",5,13.9
"770300135",2021,"COE",38,100
"770300135",2022,"COE",20,100
"770300135",2023,"COE",55,100
"770300135",2024,"COE",66,100
"770300135",2025,"COE",38,100
"770300143",2021,"COE",163,99.4
"770300143",2021,"LAP",1,0.6
"770300143",2022,"COE",143,97.9
"770300143",2022,"LAP",2,1.4
"770300143",2022,"ROB",1,0.7
"770300143",2023,"COE",108,98.2
"770300143",2023,"LAP",1,0.9
"770300143",2023,"ROB",1,0.9
"770300143",2024,"COE",100,100
"770300143",2025,"COE",44,100
"780000287",2021,"COE",76,100
"780000287",2022,"COE",60,98.4
"780000287",2022,"LAP",1,1.6
"780000287",2023,"COE",59,100
"780000287",2024,"COE",65,100
"780000287",2025,"COE",14,100
"780000311",2021,"COE",235,99.2
"780000311",2021,"LAP",2,0.8
"780000311",2022,"COE",78,100
"780000311",2023,"COE",41,100
"780000311",2024,"COE",57,85.1
"780000311",2024,"LAP",1,1.5
"780000311",2024,"ROB",9,13.4
"780000311",2025,"COE",26,78.8
"780000311",2025,"ROB",7,21.2
"780300208",2021,"COE",61,100
"780300208",2022,"COE",142,100
"780300208",2023,"COE",152,100
"780300208",2024,"COE",80,100
"780300208",2025,"COE",49,100
"780300323",2021,"COE",76,93.8
"780300323",2021,"LAP",5,6.2
"780300323",2022,"COE",49,90.7
"780300323",2022,"LAP",5,9.3
"780300323",2023,"COE",22,95.7
"780300323",2023,"ROB",1,4.3
"780300323",2024,"COE",14,93.3
"780300323",2024,"ROB",1,6.7
"780300414",2021,"COE",382,99
"780300414",2021,"LAP",2,0.5
"780300414",2021,"ROB",2,0.5
"780300414",2022,"COE",391,99.7
"780300414",2022,"LAP",1,0.3
"780300414",2023,"COE",273,99.3
"780300414",2023,"ROB",2,0.7
"780300414",2024,"COE",227,99.6
"780300414",2024,"LAP",1,0.4
"780300414",2025,"COE",125,97.7
"780300414",2025,"ROB",3,2.3
"780300422",2021,"COE",61,100
"780300422",2022,"COE",48,100
"780300422",2023,"COE",42,100
"780300422",2024,"COE",45,100
"780300422",2025,"COE",24,100
"790009948",2021,"COE",60,98.4
"790009948",2021,"LAP",1,1.6
"790009948",2022,"COE",73,98.6
"790009948",2022,"ROB",1,1.4
"790009948",2023,"COE",69,98.6
"790009948",2023,"LAP",1,1.4
"790009948",2024,"COE",76,100
"790009948",2025,"COE",48,100
"800002503",2021,"COE",45,100
"800002503",2022,"COE",29,100
"800002503",2023,"COE",40,100
"800002503",2024,"COE",51,98.1
"800002503",2024,"LAP",1,1.9
"800002503",2025,"COE",34,100
"800006124",2021,"COE",140,99.3
"800006124",2021,"LAP",1,0.7
"800006124",2022,"COE",136,99.3
"800006124",2022,"LAP",1,0.7
"800006124",2023,"COE",129,99.2
"800006124",2023,"LAP",1,0.8
"800006124",2024,"COE",103,100
"800006124",2025,"COE",39,81.2
"800006124",2025,"ROB",9,18.8
"800009466",2021,"COE",6,100
"800009466",2022,"COE",34,100
"800009466",2023,"COE",46,95.8
"800009466",2023,"LAP",2,4.2
"800009466",2024,"COE",49,100
"800009920",2021,"COE",104,100
"800009920",2022,"COE",117,100
"800009920",2023,"COE",93,100
"800009920",2024,"COE",89,98.9
"800009920",2024,"LAP",1,1.1
"800009920",2025,"COE",51,100
"810101170",2021,"COE",120,100
"810101170",2022,"COE",101,100
"810101170",2023,"COE",74,70.5
"810101170",2023,"ROB",31,29.5
"810101170",2024,"COE",72,69.2
"810101170",2024,"LAP",1,1
"810101170",2024,"ROB",31,29.8
"810101170",2025,"COE",35,64.8
"810101170",2025,"ROB",19,35.2
"810101444",2021,"COE",110,100
"810101444",2022,"COE",107,100
"810101444",2023,"COE",93,100
"810101444",2024,"COE",78,97.5
"810101444",2024,"LAP",2,2.5
"820000040",2021,"COE",64,98.5
"820000040",2021,"LAP",1,1.5
"820000040",2022,"COE",53,96.4
"820000040",2022,"LAP",2,3.6
"820000040",2023,"COE",31,96.9
"820000040",2023,"LAP",1,3.1
"820000040",2024,"COE",27,100
"820000040",2025,"COE",14,100
"830000311",2021,"COE",86,100
"830000311",2022,"COE",52,100
"830000311",2023,"COE",45,100
"830000311",2024,"COE",19,100
"830000311",2025,"COE",11,100
"830000345",2021,"COE",94,88.7
"830000345",2021,"ROB",12,11.3
"830000345",2022,"COE",71,76.3
"830000345",2022,"ROB",22,23.7
"830000345",2023,"COE",68,68
"830000345",2023,"ROB",32,32
"830000345",2024,"COE",62,83.8
"830000345",2024,"ROB",12,16.2
"830000345",2025,"COE",33,71.7
"830000345",2025,"ROB",13,28.3
"830100251",2021,"COE",96,100
"830100251",2022,"COE",78,100
"830100251",2023,"COE",73,100
"830100251",2024,"COE",123,99.2
"830100251",2024,"LAP",1,0.8
"830100251",2025,"COE",80,100
"830100434",2021,"COE",150,96.8
"830100434",2021,"ROB",5,3.2
"830100434",2022,"COE",110,96.5
"830100434",2022,"ROB",4,3.5
"830100434",2023,"COE",78,91.8
"830100434",2023,"LAP",1,1.2
"830100434",2023,"ROB",6,7.1
"830100434",2024,"COE",78,96.3
"830100434",2024,"LAP",1,1.2
"830100434",2024,"ROB",2,2.5
"830100434",2025,"COE",40,97.6
"830100434",2025,"ROB",1,2.4
"830100459",2021,"COE",394,100
"830100459",2022,"COE",312,100
"830100459",2023,"COE",305,100
"830100459",2024,"COE",218,100
"830100459",2025,"COE",123,100
"840000400",2021,"COE",251,100
"840000400",2022,"COE",202,100
"840000400",2023,"COE",204,100
"840000400",2024,"COE",91,100
"840000418",2024,"COE",76,100
"840000418",2025,"COE",94,100
"840000467",2021,"COE",88,98.9
"840000467",2021,"ROB",1,1.1
"840000467",2022,"COE",75,100
"840000467",2023,"COE",80,98.8
"840000467",2023,"LAP",1,1.2
"840000467",2024,"COE",69,98.6
"840000467",2024,"LAP",1,1.4
"840000467",2025,"COE",46,100
"850000118",2021,"COE",11,91.7
"850000118",2021,"ROB",1,8.3
"850000118",2022,"COE",25,100
"850000118",2023,"COE",41,97.6
"850000118",2023,"LAP",1,2.4
"850000118",2024,"COE",35,100
"850000118",2025,"COE",35,100
"850000142",2021,"COE",72,100
"850000142",2022,"COE",61,100
"850000142",2023,"COE",48,94.1
"850000142",2023,"ROB",3,5.9
"850000142",2024,"COE",55,82.1
"850000142",2024,"ROB",12,17.9
"850000142",2025,"COE",23,67.6
"850000142",2025,"ROB",11,32.4
"860000223",2021,"COE",157,60.2
"860000223",2021,"LAP",1,0.4
"860000223",2021,"ROB",103,39.5
"860000223",2022,"COE",115,57.2
"860000223",2022,"ROB",86,42.8
"860000223",2023,"COE",116,62
"860000223",2023,"ROB",71,38
"860000223",2024,"COE",91,57.2
"860000223",2024,"LAP",2,1.3
"860000223",2024,"ROB",66,41.5
"860000223",2025,"COE",41,47.1
"860000223",2025,"ROB",46,52.9
"860010321",2021,"COE",30,100
"860010321",2022,"COE",28,100
"860010321",2023,"COE",29,96.7
"860010321",2023,"LAP",1,3.3
"860010321",2024,"COE",28,100
"860010321",2025,"COE",17,100
"870000064",2021,"COE",28,56
"870000064",2021,"LAP",1,2
"870000064",2021,"ROB",21,42
"870000064",2022,"COE",33,67.3
"870000064",2022,"LAP",3,6.1
"870000064",2022,"ROB",13,26.5
"870000064",2023,"COE",31,60.8
"870000064",2023,"ROB",20,39.2
"870000064",2024,"COE",25,59.5
"870000064",2024,"ROB",17,40.5
"870000064",2025,"COE",11,44
"870000064",2025,"ROB",14,56
"870000288",2021,"COE",248,100
"870000288",2022,"COE",243,100
"870000288",2023,"COE",216,100
"870000288",2024,"COE",216,100
"870000288",2025,"COE",111,100
"890000169",2021,"COE",166,93.3
"890000169",2021,"LAP",12,6.7
"890000169",2022,"COE",153,93.9
"890000169",2022,"LAP",10,6.1
"890000169",2023,"COE",173,95.1
"890000169",2023,"LAP",9,4.9
"890000169",2024,"COE",146,95.4
"890000169",2024,"LAP",7,4.6
"890000169",2025,"COE",139,98.6
"890000169",2025,"LAP",2,1.4
"890975550",2021,"COE",200,100
"890975550",2022,"COE",143,87.2
"890975550",2022,"ROB",21,12.8
"890975550",2023,"COE",61,44.9
"890975550",2023,"LAP",1,0.7
"890975550",2023,"ROB",74,54.4
"890975550",2024,"COE",100,68.5
"890975550",2024,"LAP",1,0.7
"890975550",2024,"ROB",45,30.8
"890975550",2025,"COE",32,40
"890975550",2025,"ROB",48,60
"900000035",2021,"COE",84,98.8
"900000035",2021,"LAP",1,1.2
"900000035",2022,"COE",31,100
"900000035",2024,"COE",1,100
"900003039",2021,"COE",91,96.8
"900003039",2021,"ROB",3,3.2
"900003039",2022,"COE",108,99.1
"900003039",2022,"LAP",1,0.9
"900003039",2023,"COE",141,100
"900003039",2024,"COE",131,98.5
"900003039",2024,"LAP",2,1.5
"900003039",2025,"COE",68,100
"910000306",2021,"COE",27,90
"910000306",2021,"LAP",3,10
"910000306",2022,"COE",25,89.3
"910000306",2022,"LAP",2,7.1
"910000306",2022,"ROB",1,3.6
"910000306",2023,"COE",42,97.7
"910000306",2023,"LAP",1,2.3
"910000306",2024,"COE",15,100
"910020254",2021,"COE",60,100
"910020254",2022,"COE",47,97.9
"910020254",2022,"LAP",1,2.1
"910020254",2023,"COE",16,33.3
"910020254",2023,"ROB",32,66.7
"910020254",2024,"COE",15,37.5
"910020254",2024,"ROB",25,62.5
"910020254",2025,"COE",9,29
"910020254",2025,"ROB",22,71
"910300011",2021,"COE",39,84.8
"910300011",2021,"ROB",7,15.2
"910300011",2022,"COE",48,100
"910300011",2023,"COE",43,100
"910300011",2024,"COE",28,100
"910300144",2021,"COE",167,98.8
"910300144",2021,"LAP",2,1.2
"910300144",2022,"COE",183,97.9
"910300144",2022,"LAP",2,1.1
"910300144",2022,"ROB",2,1.1
"910300144",2023,"COE",151,100
"910300144",2024,"COE",121,96.8
"910300144",2024,"ROB",4,3.2
"910300144",2025,"COE",78,100
"910300177",2021,"COE",240,96.8
"910300177",2021,"ROB",8,3.2
"910300177",2022,"COE",213,91
"910300177",2022,"LAP",1,0.4
"910300177",2022,"ROB",20,8.5
"910300177",2023,"COE",165,81.7
"910300177",2023,"ROB",37,18.3
"910300177",2024,"COE",121,93.1
"910300177",2024,"ROB",9,6.9
"910300177",2025,"COE",84,87.5
"910300177",2025,"LAP",1,1
"910300177",2025,"ROB",11,11.5
"910300300",2021,"COE",48,100
"910300300",2022,"COE",44,100
"910300300",2023,"COE",49,100
"910300300",2024,"COE",50,100
"910300300",2025,"COE",14,100
"910803543",2021,"COE",140,100
"910803543",2022,"COE",193,99.5
"910803543",2022,"ROB",1,0.5
"910803543",2023,"COE",152,100
"910803543",2024,"COE",148,94.3
"910803543",2024,"ROB",9,5.7
"910803543",2025,"COE",100,100
"920000643",2021,"COE",24,100
"920000643",2022,"COE",28,93.3
"920000643",2022,"ROB",2,6.7
"920000643",2023,"COE",61,98.4
"920000643",2023,"LAP",1,1.6
"920000643",2024,"COE",53,100
"920000643",2025,"COE",24,75
"920000643",2025,"ROB",8,25
"920000650",2021,"COE",26,74.3
"920000650",2021,"ROB",9,25.7
"920000650",2022,"COE",32,76.2
"920000650",2022,"ROB",10,23.8
"920000650",2023,"COE",22,59.5
"920000650",2023,"LAP",3,8.1
"920000650",2023,"ROB",12,32.4
"920000650",2024,"COE",37,77.1
"920000650",2024,"LAP",1,2.1
"920000650",2024,"ROB",10,20.8
"920000650",2025,"COE",5,31.2
"920000650",2025,"ROB",11,68.8
"920029550",2022,"COE",67,90.5
"920029550",2022,"ROB",7,9.5
"920029550",2023,"COE",153,83.2
"920029550",2023,"ROB",31,16.8
"920029550",2024,"COE",166,93.8
"920029550",2024,"ROB",11,6.2
"920029550",2025,"COE",52,98.1
"920029550",2025,"ROB",1,1.9
"920100013",2021,"COE",104,100
"920100013",2022,"COE",92,97.9
"920100013",2022,"LAP",2,2.1
"920100013",2023,"COE",68,97.1
"920100013",2023,"LAP",2,2.9
"920100013",2024,"COE",65,95.6
"920100013",2024,"LAP",2,2.9
"920100013",2024,"ROB",1,1.5
"920100013",2025,"COE",35,100
"920100021",2021,"COE",373,98.7
"920100021",2021,"LAP",2,0.5
"920100021",2021,"ROB",3,0.8
"920100021",2022,"COE",371,98.1
"920100021",2022,"LAP",2,0.5
"920100021",2022,"ROB",5,1.3
"920100021",2023,"COE",288,92.6
"920100021",2023,"LAP",2,0.6
"920100021",2023,"ROB",21,6.8
"920100021",2024,"COE",227,79.6
"920100021",2024,"LAP",2,0.7
"920100021",2024,"ROB",56,19.6
"920100021",2025,"COE",110,71.4
"920100021",2025,"ROB",44,28.6
"920100047",2021,"COE",65,98.5
"920100047",2021,"LAP",1,1.5
"920100047",2022,"COE",70,97.2
"920100047",2022,"LAP",2,2.8
"920100047",2023,"COE",64,100
"920100047",2024,"COE",44,100
"920100047",2025,"COE",21,100
"920300753",2021,"COE",77,77.8
"920300753",2021,"ROB",22,22.2
"920300753",2022,"COE",67,62.6
"920300753",2022,"ROB",40,37.4
"930000286",2021,"COE",63,96.9
"930000286",2021,"ROB",2,3.1
"930000286",2022,"COE",50,86.2
"930000286",2022,"ROB",8,13.8
"930000286",2023,"COE",53,86.9
"930000286",2023,"ROB",8,13.1
"930000286",2024,"COE",44,100
"930000286",2025,"COE",25,92.6
"930000286",2025,"ROB",2,7.4
"930000328",2021,"COE",103,95.4
"930000328",2021,"LAP",5,4.6
"930000328",2022,"COE",94,94
"930000328",2022,"LAP",6,6
"930000328",2023,"COE",122,93.1
"930000328",2023,"LAP",4,3.1
"930000328",2023,"ROB",5,3.8
"930000328",2024,"COE",103,93.6
"930000328",2024,"LAP",7,6.4
"930000328",2025,"COE",41,75.9
"930000328",2025,"LAP",1,1.9
"930000328",2025,"ROB",12,22.2
"930100037",2021,"COE",75,97.4
"930100037",2021,"LAP",2,2.6
"930100037",2022,"COE",152,98.7
"930100037",2022,"LAP",2,1.3
"930100037",2023,"COE",118,97.5
"930100037",2023,"LAP",3,2.5
"930100037",2024,"COE",133,95
"930100037",2024,"LAP",3,2.1
"930100037",2024,"ROB",4,2.9
"930100037",2025,"COE",36,61
"930100037",2025,"LAP",2,3.4
"930100037",2025,"ROB",21,35.6
"930300025",2021,"COE",169,100
"930300025",2022,"COE",140,100
"930300025",2023,"COE",119,100
"930300025",2024,"COE",107,100
"930300025",2025,"COE",40,100
"930300082",2021,"COE",65,100
"930300082",2022,"COE",61,100
"930300082",2023,"COE",38,100
"930300082",2024,"COE",48,100
"930300082",2025,"COE",24,100
"930300116",2021,"COE",112,100
"930300116",2022,"COE",104,100
"930300116",2023,"COE",82,100
"930300116",2024,"COE",60,96.8
"930300116",2024,"ROB",2,3.2
"930300116",2025,"COE",33,100
"930300298",2021,"COE",81,100
"930300298",2022,"COE",84,100
"930300298",2023,"COE",39,100
"930300553",2021,"COE",145,100
"930300553",2022,"COE",117,100
"930300553",2023,"COE",109,100
"930300553",2024,"COE",74,100
"930300553",2025,"COE",31,100
"930300587",2021,"COE",39,100
"930300587",2022,"COE",28,100
"930300587",2023,"COE",40,97.6
"930300587",2023,"ROB",1,2.4
"930300587",2024,"COE",38,100
"930300587",2025,"COE",31,100
"930300595",2021,"COE",117,100
"930300595",2022,"COE",124,100
"930300595",2023,"COE",109,98.2
"930300595",2023,"ROB",2,1.8
"930300595",2024,"COE",86,98.9
"930300595",2024,"ROB",1,1.1
"930300595",2025,"COE",34,68
"930300595",2025,"ROB",16,32
"940000573",2021,"COE",223,100
"940000573",2022,"COE",167,89.8
"940000573",2022,"LAP",1,0.5
"940000573",2022,"ROB",18,9.7
"940000573",2023,"COE",90,56.6
"940000573",2023,"ROB",69,43.4
"940000573",2024,"COE",133,78.2
"940000573",2024,"LAP",1,0.6
"940000573",2024,"ROB",36,21.2
"940000573",2025,"COE",62,57.9
"940000573",2025,"ROB",45,42.1
"940006679",2021,"COE",97,100
"940006679",2022,"COE",135,100
"940006679",2023,"COE",150,100
"940006679",2024,"COE",177,99.4
"940006679",2024,"ROB",1,0.6
"940006679",2025,"COE",95,97.9
"940006679",2025,"ROB",2,2.1
"940300494",2021,"COE",102,100
"940300494",2022,"COE",75,100
"940300494",2023,"COE",68,98.6
"940300494",2023,"ROB",1,1.4
"940300494",2024,"COE",65,97
"940300494",2024,"ROB",2,3
"940300494",2025,"COE",28,100
"940813033",2021,"COE",221,98.7
"940813033",2021,"LAP",2,0.9
"940813033",2021,"ROB",1,0.4
"940813033",2022,"COE",172,99.4
"940813033",2022,"LAP",1,0.6
"940813033",2023,"COE",181,95.8
"940813033",2023,"LAP",1,0.5
"940813033",2023,"ROB",7,3.7
"940813033",2024,"COE",160,99.4
"940813033",2024,"ROB",1,0.6
"940813033",2025,"COE",82,100
"950000307",2021,"COE",39,97.5
"950000307",2021,"ROB",1,2.5
"950000307",2022,"COE",40,97.6
"950000307",2022,"LAP",1,2.4
"950000307",2023,"COE",36,100
"950000307",2024,"COE",68,100
"950000307",2025,"COE",3,100
"950000323",2021,"COE",53,100
"950000323",2022,"COE",61,100
"950000323",2023,"COE",46,93.9
"950000323",2023,"ROB",3,6.1
"950000323",2024,"COE",32,68.1
"950000323",2024,"ROB",15,31.9
"950000323",2025,"COE",17,58.6
"950000323",2025,"ROB",12,41.4
"950000331",2021,"COE",72,96
"950000331",2021,"ROB",3,4
"950000331",2022,"COE",59,98.3
"950000331",2022,"LAP",1,1.7
"950000331",2023,"COE",66,98.5
"950000331",2023,"ROB",1,1.5
"950000331",2024,"COE",60,100
"950000331",2025,"COE",28,100
"950000364",2021,"COE",97,97
"950000364",2021,"LAP",3,3
"950000364",2022,"COE",113,97.4
"950000364",2022,"LAP",2,1.7
"950000364",2022,"ROB",1,0.9
"950000364",2023,"COE",113,100
"950000364",2024,"COE",88,100
"950000364",2025,"COE",62,98.4
"950000364",2025,"ROB",1,1.6
"950300202",2021,"COE",89,98.9
"950300202",2021,"LAP",1,1.1
"950300202",2022,"COE",103,100
"950300202",2023,"COE",75,100
"950300202",2024,"COE",38,100
"950300202",2025,"COE",30,100
"950300244",2021,"COE",165,98.2
"950300244",2021,"LAP",3,1.8
"950300244",2022,"COE",185,98.4
"950300244",2022,"LAP",3,1.6
"950300244",2023,"COE",192,97.5
"950300244",2023,"LAP",2,1
"950300244",2023,"ROB",3,1.5
"950300244",2024,"COE",155,98.7
"950300244",2024,"LAP",2,1.3
"950300244",2025,"COE",91,98.9
"950300244",2025,"LAP",1,1.1
"950300277",2021,"COE",74,98.7
"950300277",2021,"ROB",1,1.3
"950300277",2022,"COE",72,100
"950300277",2023,"COE",45,100
"950300277",2024,"COE",30,100
"950300277",2025,"COE",34,100
"950807982",2021,"COE",177,92.7
"950807982",2021,"LAP",1,0.5
"950807982",2021,"ROB",13,6.8
"950807982",2022,"COE",168,92.3
"950807982",2022,"LAP",1,0.5
"950807982",2022,"ROB",13,7.1
"950807982",2023,"COE",158,90.8
"950807982",2023,"ROB",16,9.2
"950807982",2024,"COE",148,95.5
"950807982",2024,"ROB",7,4.5
"950807982",2025,"COE",77,100
"970100392",2021,"COE",36,97.3
"970100392",2021,"ROB",1,2.7
"970100392",2022,"COE",28,73.7
"970100392",2022,"LAP",1,2.6
"970100392",2022,"ROB",9,23.7
"970100392",2023,"COE",20,90.9
"970100392",2023,"ROB",2,9.1
"970100392",2024,"COE",17,70.8
"970100392",2024,"LAP",1,4.2
"970100392",2024,"ROB",6,25
"970100392",2025,"COE",11,78.6
"970100392",2025,"ROB",3,21.4
"970107249",2021,"COE",160,100
"970107249",2022,"COE",200,99
"970107249",2022,"ROB",2,1
"970107249",2023,"COE",217,100
"970107249",2024,"COE",156,99.4
"970107249",2024,"ROB",1,0.6
"970107249",2025,"COE",58,100
"970202313",2021,"COE",88,100
"970202313",2022,"COE",79,98.8
"970202313",2022,"LAP",1,1.3
"970202313",2023,"COE",91,100
"970202313",2024,"COE",81,100
"970202313",2025,"COE",36,100
"970400024",2021,"COE",14,27.5
"970400024",2021,"ROB",37,72.5
"970400024",2022,"COE",31,30.1
"970400024",2022,"ROB",72,69.9
"970400024",2023,"COE",13,10.2
"970400024",2023,"LAP",1,0.8
"970400024",2023,"ROB",114,89.1
"970400024",2024,"COE",30,34.9
"970400024",2024,"ROB",56,65.1
"970400024",2025,"COE",2,5
"970400024",2025,"LAP",1,2.5
"970400024",2025,"ROB",37,92.5
"970400057",2021,"COE",33,76.7
"970400057",2021,"ROB",10,23.3
"970400057",2023,"COE",1,50
"970400057",2023,"LAP",1,50
"970400065",2021,"COE",29,93.5
"970400065",2021,"LAP",1,3.2
"970400065",2021,"ROB",1,3.2
"970400065",2022,"COE",51,96.2
"970400065",2022,"LAP",1,1.9
"970400065",2022,"ROB",1,1.9
"970400065",2023,"COE",43,87.8
"970400065",2023,"LAP",6,12.2
"970400065",2024,"COE",39,92.9
"970400065",2024,"LAP",3,7.1
"970400065",2025,"COE",20,95.2
"970400065",2025,"LAP",1,4.8
"970462081",2021,"COE",136,99.3
"970462081",2021,"LAP",1,0.7
"970462081",2022,"COE",149,100
"970462081",2023,"COE",154,100
"970462081",2024,"COE",173,100
"970462081",2025,"COE",63,100
"970462107",2021,"COE",145,100
"970462107",2022,"COE",174,99.4
"970462107",2022,"LAP",1,0.6
"970462107",2023,"COE",141,100
"970462107",2024,"COE",97,100
"970462107",2025,"COE",42,100
