"finessGeoDP","annee","mois","baria_t","TOT_month_tcn","TOT_year_tcn","TOT_month","TOT_year"
"130780521",2019,1,"BPG",2,34,9,70
"130780521",2019,1,"SLE",7,35,9,70
"130780521",2019,2,"BPG",5,34,9,70
"130780521",2019,2,"SLE",4,35,9,70
"130780521",2019,3,"BPG",2,34,5,70
"130780521",2019,3,"SLE",3,35,5,70
"130780521",2019,4,"BPG",10,34,19,70
"130780521",2019,4,"SLE",9,35,19,70
"130780521",2019,5,"BPG",2,34,3,70
"130780521",2019,5,"DBP",1,1,3,70
"130780521",2019,6,"BPG",5,34,11,70
"130780521",2019,6,"SLE",6,35,11,70
"130780521",2019,7,"BPG",3,34,4,70
"130780521",2019,7,"SLE",1,35,4,70
"130780521",2019,8,"BPG",2,34,3,70
"130780521",2019,8,"SLE",1,35,3,70
"130780521",2019,9,"SLE",1,35,1,70
"130780521",2019,10,"BPG",1,34,1,70
"130780521",2019,11,"BPG",2,34,3,70
"130780521",2019,11,"SLE",1,35,3,70
"130780521",2019,12,"SLE",2,35,2,70
"130780521",2020,1,"BPG",2,24,6,43
"130780521",2020,1,"SLE",4,19,6,43
"130780521",2020,2,"BPG",4,24,6,43
"130780521",2020,2,"SLE",2,19,6,43
"130780521",2020,3,"BPG",1,24,2,43
"130780521",2020,3,"SLE",1,19,2,43
"130780521",2020,6,"BPG",1,24,2,43
"130780521",2020,6,"SLE",1,19,2,43
"130780521",2020,7,"BPG",1,24,1,43
"130780521",2020,8,"BPG",4,24,8,43
"130780521",2020,8,"SLE",4,19,8,43
"130780521",2020,9,"BPG",4,24,7,43
"130780521",2020,9,"SLE",3,19,7,43
"130780521",2020,10,"BPG",4,24,7,43
"130780521",2020,10,"SLE",3,19,7,43
"130780521",2020,12,"BPG",3,24,4,43
"130780521",2020,12,"SLE",1,19,4,43
"130780521",2021,1,"BPG",4,22,8,73
"130780521",2021,1,"SLE",4,51,8,73
"130780521",2021,2,"SLE",2,51,2,73
"130780521",2021,3,"SLE",6,51,6,73
"130780521",2021,4,"BPG",1,22,5,73
"130780521",2021,4,"SLE",4,51,5,73
"130780521",2021,5,"BPG",1,22,3,73
"130780521",2021,5,"SLE",2,51,3,73
"130780521",2021,6,"BPG",4,22,11,73
"130780521",2021,6,"SLE",7,51,11,73
"130780521",2021,7,"SLE",6,51,6,73
"130780521",2021,8,"BPG",1,22,2,73
"130780521",2021,8,"SLE",1,51,2,73
"130780521",2021,9,"BPG",4,22,8,73
"130780521",2021,9,"SLE",4,51,8,73
"130780521",2021,10,"BPG",4,22,10,73
"130780521",2021,10,"SLE",6,51,10,73
"130780521",2021,11,"BPG",2,22,7,73
"130780521",2021,11,"SLE",5,51,7,73
"130780521",2021,12,"BPG",1,22,5,73
"130780521",2021,12,"SLE",4,51,5,73
"130780521",2022,1,"BPG",1,22,1,51
"130780521",2022,2,"BPG",1,22,4,51
"130780521",2022,2,"SLE",3,29,4,51
"130780521",2022,3,"BPG",4,22,7,51
"130780521",2022,3,"SLE",3,29,7,51
"130780521",2022,4,"BPG",1,22,3,51
"130780521",2022,4,"SLE",2,29,3,51
"130780521",2022,5,"BPG",4,22,5,51
"130780521",2022,5,"SLE",1,29,5,51
"130780521",2022,6,"BPG",3,22,6,51
"130780521",2022,6,"SLE",3,29,6,51
"130780521",2022,7,"BPG",1,22,2,51
"130780521",2022,7,"SLE",1,29,2,51
"130780521",2022,8,"SLE",3,29,3,51
"130780521",2022,9,"BPG",1,22,6,51
"130780521",2022,9,"SLE",5,29,6,51
"130780521",2022,10,"BPG",1,22,1,51
"130780521",2022,11,"BPG",2,22,7,51
"130780521",2022,11,"SLE",5,29,7,51
"130780521",2022,12,"BPG",3,22,6,51
"130780521",2022,12,"SLE",3,29,6,51
"130780521",2023,1,"BPG",1,34,6,70
"130780521",2023,1,"SLE",5,36,6,70
"130780521",2023,2,"BPG",2,34,2,70
"130780521",2023,3,"BPG",3,34,5,70
"130780521",2023,3,"SLE",2,36,5,70
"130780521",2023,4,"BPG",3,34,7,70
"130780521",2023,4,"SLE",4,36,7,70
"130780521",2023,5,"BPG",3,34,6,70
"130780521",2023,5,"SLE",3,36,6,70
"130780521",2023,6,"BPG",1,34,7,70
"130780521",2023,6,"SLE",6,36,7,70
"130780521",2023,7,"BPG",4,34,6,70
"130780521",2023,7,"SLE",2,36,6,70
"130780521",2023,8,"BPG",3,34,7,70
"130780521",2023,8,"SLE",4,36,7,70
"130780521",2023,9,"BPG",5,34,7,70
"130780521",2023,9,"SLE",2,36,7,70
"130780521",2023,10,"BPG",2,34,3,70
"130780521",2023,10,"SLE",1,36,3,70
"130780521",2023,11,"BPG",4,34,7,70
"130780521",2023,11,"SLE",3,36,7,70
"130780521",2023,12,"BPG",3,34,7,70
"130780521",2023,12,"SLE",4,36,7,70
"130780521",2024,1,"BPG",2,34,8,100
"130780521",2024,1,"SLE",6,66,8,100
"130780521",2024,2,"BPG",2,34,8,100
"130780521",2024,2,"SLE",6,66,8,100
"130780521",2024,3,"BPG",3,34,6,100
"130780521",2024,3,"SLE",3,66,6,100
"130780521",2024,4,"BPG",4,34,9,100
"130780521",2024,4,"SLE",5,66,9,100
"130780521",2024,5,"BPG",2,34,6,100
"130780521",2024,5,"SLE",4,66,6,100
"130780521",2024,6,"BPG",4,34,11,100
"130780521",2024,6,"SLE",7,66,11,100
"130780521",2024,7,"BPG",2,34,11,100
"130780521",2024,7,"SLE",9,66,11,100
"130780521",2024,8,"BPG",3,34,7,100
"130780521",2024,8,"SLE",4,66,7,100
"130780521",2024,9,"BPG",3,34,9,100
"130780521",2024,9,"SLE",6,66,9,100
"130780521",2024,10,"BPG",5,34,9,100
"130780521",2024,10,"SLE",4,66,9,100
"130780521",2024,11,"BPG",2,34,7,100
"130780521",2024,11,"SLE",5,66,7,100
"130780521",2024,12,"BPG",2,34,9,100
"130780521",2024,12,"SLE",7,66,9,100
"130780521",2025,1,"BPG",1,18,5,58
"130780521",2025,1,"SLE",4,40,5,58
"130780521",2025,2,"BPG",3,18,6,58
"130780521",2025,2,"SLE",3,40,6,58
"130780521",2025,3,"BPG",3,18,11,58
"130780521",2025,3,"SLE",8,40,11,58
"130780521",2025,4,"BPG",5,18,13,58
"130780521",2025,4,"SLE",8,40,13,58
"130780521",2025,5,"BPG",1,18,3,58
"130780521",2025,5,"SLE",2,40,3,58
"130780521",2025,6,"BPG",4,18,10,58
"130780521",2025,6,"SLE",6,40,10,58
"130780521",2025,7,"BPG",1,18,10,58
"130780521",2025,7,"SLE",9,40,10,58
"330783648",2019,1,"ANN",1,7,15,86
"330783648",2019,1,"BPG",7,45,15,86
"330783648",2019,1,"DBP",1,1,15,86
"330783648",2019,1,"SLE",6,33,15,86
"330783648",2019,2,"ANN",1,7,5,86
"330783648",2019,2,"BPG",3,45,5,86
"330783648",2019,2,"SLE",1,33,5,86
"330783648",2019,3,"ANN",2,7,13,86
"330783648",2019,3,"BPG",3,45,13,86
"330783648",2019,3,"SLE",8,33,13,86
"330783648",2019,4,"BPG",5,45,6,86
"330783648",2019,4,"SLE",1,33,6,86
"330783648",2019,5,"BPG",6,45,7,86
"330783648",2019,5,"SLE",1,33,7,86
"330783648",2019,6,"SLE",5,33,5,86
"330783648",2019,7,"ANN",1,7,7,86
"330783648",2019,7,"BPG",4,45,7,86
"330783648",2019,7,"SLE",2,33,7,86
"330783648",2019,8,"SLE",1,33,1,86
"330783648",2019,9,"ANN",1,7,5,86
"330783648",2019,9,"BPG",3,45,5,86
"330783648",2019,9,"SLE",1,33,5,86
"330783648",2019,10,"ANN",1,7,10,86
"330783648",2019,10,"BPG",6,45,10,86
"330783648",2019,10,"SLE",3,33,10,86
"330783648",2019,11,"BPG",6,45,9,86
"330783648",2019,11,"SLE",3,33,9,86
"330783648",2019,12,"BPG",2,45,3,86
"330783648",2019,12,"SLE",1,33,3,86
"330783648",2020,1,"BPG",8,48,9,61
"330783648",2020,1,"SLE",1,12,9,61
"330783648",2020,2,"BPG",8,48,8,61
"330783648",2020,3,"BPG",1,48,1,61
"330783648",2020,5,"BPG",2,48,2,61
"330783648",2020,6,"BPG",5,48,6,61
"330783648",2020,6,"SLE",1,12,6,61
"330783648",2020,7,"BPG",6,48,9,61
"330783648",2020,7,"DBP",1,1,9,61
"330783648",2020,7,"SLE",2,12,9,61
"330783648",2020,8,"BPG",3,48,3,61
"330783648",2020,9,"BPG",4,48,7,61
"330783648",2020,9,"SLE",3,12,7,61
"330783648",2020,10,"BPG",4,48,8,61
"330783648",2020,10,"SLE",4,12,8,61
"330783648",2020,11,"BPG",3,48,3,61
"330783648",2020,12,"BPG",4,48,5,61
"330783648",2020,12,"SLE",1,12,5,61
"330783648",2021,1,"ANN",1,3,6,88
"330783648",2021,1,"BPG",5,66,6,88
"330783648",2021,2,"BPG",6,66,6,88
"330783648",2021,3,"BPG",5,66,5,88
"330783648",2021,4,"BPG",5,66,7,88
"330783648",2021,4,"DBP",1,1,7,88
"330783648",2021,4,"SLE",1,18,7,88
"330783648",2021,5,"BPG",7,66,7,88
"330783648",2021,6,"ANN",1,3,14,88
"330783648",2021,6,"BPG",4,66,14,88
"330783648",2021,6,"SLE",9,18,14,88
"330783648",2021,7,"BPG",5,66,5,88
"330783648",2021,8,"BPG",8,66,10,88
"330783648",2021,8,"SLE",2,18,10,88
"330783648",2021,9,"ANN",1,3,6,88
"330783648",2021,9,"BPG",5,66,6,88
"330783648",2021,10,"BPG",7,66,9,88
"330783648",2021,10,"SLE",2,18,9,88
"330783648",2021,11,"BPG",5,66,9,88
"330783648",2021,11,"SLE",4,18,9,88
"330783648",2021,12,"BPG",4,66,4,88
"330783648",2022,1,"ANN",1,2,10,98
"330783648",2022,1,"BPG",6,65,10,98
"330783648",2022,1,"SLE",3,31,10,98
"330783648",2022,2,"BPG",2,65,4,98
"330783648",2022,2,"SLE",2,31,4,98
"330783648",2022,3,"BPG",6,65,13,98
"330783648",2022,3,"SLE",7,31,13,98
"330783648",2022,4,"BPG",6,65,9,98
"330783648",2022,4,"SLE",3,31,9,98
"330783648",2022,5,"ANN",1,2,6,98
"330783648",2022,5,"BPG",4,65,6,98
"330783648",2022,5,"SLE",1,31,6,98
"330783648",2022,6,"BPG",7,65,10,98
"330783648",2022,6,"SLE",3,31,10,98
"330783648",2022,7,"BPG",4,65,9,98
"330783648",2022,7,"SLE",5,31,9,98
"330783648",2022,8,"BPG",8,65,11,98
"330783648",2022,8,"SLE",3,31,11,98
"330783648",2022,9,"BPG",6,65,9,98
"330783648",2022,9,"SLE",3,31,9,98
"330783648",2022,10,"BPG",7,65,8,98
"330783648",2022,10,"SLE",1,31,8,98
"330783648",2022,11,"BPG",4,65,4,98
"330783648",2022,12,"BPG",5,65,5,98
"330783648",2023,1,"BPG",8,56,9,69
"330783648",2023,1,"SLE",1,12,9,69
"330783648",2023,2,"BPG",10,56,11,69
"330783648",2023,2,"SLE",1,12,11,69
"330783648",2023,3,"ANN",1,1,3,69
"330783648",2023,3,"BPG",2,56,3,69
"330783648",2023,4,"BPG",3,56,3,69
"330783648",2023,5,"BPG",1,56,2,69
"330783648",2023,5,"SLE",1,12,2,69
"330783648",2023,6,"BPG",5,56,7,69
"330783648",2023,6,"SLE",2,12,7,69
"330783648",2023,7,"BPG",3,56,5,69
"330783648",2023,7,"SLE",2,12,5,69
"330783648",2023,8,"BPG",2,56,2,69
"330783648",2023,9,"BPG",3,56,4,69
"330783648",2023,9,"SLE",1,12,4,69
"330783648",2023,10,"BPG",6,56,8,69
"330783648",2023,10,"SLE",2,12,8,69
"330783648",2023,11,"BPG",9,56,10,69
"330783648",2023,11,"SLE",1,12,10,69
"330783648",2023,12,"BPG",4,56,5,69
"330783648",2023,12,"SLE",1,12,5,69
"330783648",2024,1,"BPG",6,54,7,68
"330783648",2024,1,"DBP",1,1,7,68
"330783648",2024,2,"BPG",5,54,6,68
"330783648",2024,2,"SLE",1,11,6,68
"330783648",2024,3,"BPG",5,54,7,68
"330783648",2024,3,"SLE",2,11,7,68
"330783648",2024,4,"BPG",4,54,4,68
"330783648",2024,5,"BPG",4,54,5,68
"330783648",2024,5,"SLE",1,11,5,68
"330783648",2024,6,"BPG",4,54,4,68
"330783648",2024,7,"BPG",2,54,6,68
"330783648",2024,7,"SLE",4,11,6,68
"330783648",2024,8,"BPG",5,54,5,68
"330783648",2024,9,"ANN",1,2,5,68
"330783648",2024,9,"BPG",4,54,5,68
"330783648",2024,10,"BPG",3,54,4,68
"330783648",2024,10,"SLE",1,11,4,68
"330783648",2024,11,"ANN",1,2,7,68
"330783648",2024,11,"BPG",5,54,7,68
"330783648",2024,11,"SLE",1,11,7,68
"330783648",2024,12,"BPG",7,54,8,68
"330783648",2024,12,"SLE",1,11,8,68
"330783648",2025,1,"BPG",3,31,5,42
"330783648",2025,1,"SLE",2,11,5,42
"330783648",2025,2,"BPG",6,31,8,42
"330783648",2025,2,"SLE",2,11,8,42
"330783648",2025,3,"BPG",2,31,4,42
"330783648",2025,3,"SLE",2,11,4,42
"330783648",2025,4,"BPG",6,31,9,42
"330783648",2025,4,"SLE",3,11,9,42
"330783648",2025,5,"BPG",4,31,6,42
"330783648",2025,5,"SLE",2,11,6,42
"330783648",2025,6,"BPG",6,31,6,42
"330783648",2025,7,"BPG",4,31,4,42
"440000271",2019,1,"BPG",4,54,12,144
"440000271",2019,1,"SLE",8,85,12,144
"440000271",2019,2,"ANN",1,2,6,144
"440000271",2019,2,"BPG",1,54,6,144
"440000271",2019,2,"SLE",4,85,6,144
"440000271",2019,3,"BPG",2,54,8,144
"440000271",2019,3,"SLE",6,85,8,144
"440000271",2019,4,"ANN",1,2,10,144
"440000271",2019,4,"BPG",5,54,10,144
"440000271",2019,4,"SLE",4,85,10,144
"440000271",2019,5,"BPG",3,54,13,144
"440000271",2019,5,"SLE",10,85,13,144
"440000271",2019,6,"BPG",7,54,14,144
"440000271",2019,6,"SLE",7,85,14,144
"440000271",2019,7,"BPG",7,54,12,144
"440000271",2019,7,"SLE",5,85,12,144
"440000271",2019,8,"BPG",1,54,6,144
"440000271",2019,8,"SLE",5,85,6,144
"440000271",2019,9,"BPG",9,54,19,144
"440000271",2019,9,"SLE",10,85,19,144
"440000271",2019,10,"BPG",6,54,13,144
"440000271",2019,10,"DBP",1,3,13,144
"440000271",2019,10,"SLE",6,85,13,144
"440000271",2019,11,"BPG",7,54,16,144
"440000271",2019,11,"DBP",2,3,16,144
"440000271",2019,11,"SLE",7,85,16,144
"440000271",2019,12,"BPG",2,54,15,144
"440000271",2019,12,"SLE",13,85,15,144
"440000271",2020,1,"BPG",9,47,19,104
"440000271",2020,1,"SLE",10,55,19,104
"440000271",2020,2,"BPG",4,47,16,104
"440000271",2020,2,"SLE",12,55,16,104
"440000271",2020,3,"BPG",3,47,6,104
"440000271",2020,3,"SLE",3,55,6,104
"440000271",2020,4,"DBP",1,2,2,104
"440000271",2020,4,"SLE",1,55,2,104
"440000271",2020,5,"BPG",1,47,2,104
"440000271",2020,5,"SLE",1,55,2,104
"440000271",2020,6,"BPG",4,47,8,104
"440000271",2020,6,"SLE",4,55,8,104
"440000271",2020,7,"BPG",7,47,9,104
"440000271",2020,7,"SLE",2,55,9,104
"440000271",2020,9,"BPG",2,47,6,104
"440000271",2020,9,"SLE",4,55,6,104
"440000271",2020,10,"BPG",5,47,10,104
"440000271",2020,10,"DBP",1,2,10,104
"440000271",2020,10,"SLE",4,55,10,104
"440000271",2020,11,"BPG",6,47,13,104
"440000271",2020,11,"SLE",7,55,13,104
"440000271",2020,12,"BPG",6,47,13,104
"440000271",2020,12,"SLE",7,55,13,104
"440000271",2021,1,"BPG",6,61,15,156
"440000271",2021,1,"DBP",2,4,15,156
"440000271",2021,1,"SLE",7,88,15,156
"440000271",2021,2,"BPG",2,61,12,156
"440000271",2021,2,"DBP",1,4,12,156
"440000271",2021,2,"SLE",9,88,12,156
"440000271",2021,3,"ANN",1,3,18,156
"440000271",2021,3,"BPG",3,61,18,156
"440000271",2021,3,"SLE",14,88,18,156
"440000271",2021,4,"BPG",2,61,7,156
"440000271",2021,4,"SLE",5,88,7,156
"440000271",2021,5,"BPG",5,61,9,156
"440000271",2021,5,"DBP",1,4,9,156
"440000271",2021,5,"SLE",3,88,9,156
"440000271",2021,6,"BPG",5,61,12,156
"440000271",2021,6,"SLE",7,88,12,156
"440000271",2021,7,"BPG",6,61,15,156
"440000271",2021,7,"SLE",9,88,15,156
"440000271",2021,8,"ANN",1,3,7,156
"440000271",2021,8,"BPG",5,61,7,156
"440000271",2021,8,"SLE",1,88,7,156
"440000271",2021,9,"BPG",7,61,17,156
"440000271",2021,9,"SLE",10,88,17,156
"440000271",2021,10,"BPG",4,61,13,156
"440000271",2021,10,"SLE",9,88,13,156
"440000271",2021,11,"BPG",8,61,16,156
"440000271",2021,11,"SLE",8,88,16,156
"440000271",2021,12,"ANN",1,3,15,156
"440000271",2021,12,"BPG",8,61,15,156
"440000271",2021,12,"SLE",6,88,15,156
"440000271",2022,1,"ANN",1,1,16,177
"440000271",2022,1,"BPG",5,102,16,177
"440000271",2022,1,"DBP",1,2,16,177
"440000271",2022,1,"SLE",9,72,16,177
"440000271",2022,2,"BPG",7,102,12,177
"440000271",2022,2,"SLE",5,72,12,177
"440000271",2022,3,"BPG",11,102,23,177
"440000271",2022,3,"DBP",1,2,23,177
"440000271",2022,3,"SLE",11,72,23,177
"440000271",2022,4,"BPG",7,102,9,177
"440000271",2022,4,"SLE",2,72,9,177
"440000271",2022,5,"BPG",17,102,23,177
"440000271",2022,5,"SLE",6,72,23,177
"440000271",2022,6,"BPG",7,102,11,177
"440000271",2022,6,"SLE",4,72,11,177
"440000271",2022,7,"BPG",8,102,18,177
"440000271",2022,7,"SLE",10,72,18,177
"440000271",2022,8,"BPG",3,102,7,177
"440000271",2022,8,"SLE",4,72,7,177
"440000271",2022,9,"BPG",9,102,14,177
"440000271",2022,9,"SLE",5,72,14,177
"440000271",2022,10,"BPG",15,102,21,177
"440000271",2022,10,"SLE",6,72,21,177
"440000271",2022,11,"BPG",10,102,17,177
"440000271",2022,11,"SLE",7,72,17,177
"440000271",2022,12,"BPG",3,102,6,177
"440000271",2022,12,"SLE",3,72,6,177
"440000271",2023,1,"BPG",7,82,18,126
"440000271",2023,1,"SLE",11,43,18,126
"440000271",2023,2,"BPG",4,82,5,126
"440000271",2023,2,"SLE",1,43,5,126
"440000271",2023,3,"BPG",5,82,12,126
"440000271",2023,3,"SLE",7,43,12,126
"440000271",2023,4,"BPG",7,82,10,126
"440000271",2023,4,"DBP",1,1,10,126
"440000271",2023,4,"SLE",2,43,10,126
"440000271",2023,5,"BPG",9,82,14,126
"440000271",2023,5,"SLE",5,43,14,126
"440000271",2023,6,"BPG",8,82,10,126
"440000271",2023,6,"SLE",2,43,10,126
"440000271",2023,7,"BPG",9,82,10,126
"440000271",2023,7,"SLE",1,43,10,126
"440000271",2023,8,"BPG",2,82,5,126
"440000271",2023,8,"SLE",3,43,5,126
"440000271",2023,9,"BPG",6,82,9,126
"440000271",2023,9,"SLE",3,43,9,126
"440000271",2023,10,"BPG",10,82,14,126
"440000271",2023,10,"SLE",4,43,14,126
"440000271",2023,11,"BPG",8,82,10,126
"440000271",2023,11,"SLE",2,43,10,126
"440000271",2023,12,"BPG",7,82,9,126
"440000271",2023,12,"SLE",2,43,9,126
"440000271",2024,1,"BPG",8,76,18,138
"440000271",2024,1,"SLE",10,62,18,138
"440000271",2024,2,"BPG",5,76,6,138
"440000271",2024,2,"SLE",1,62,6,138
"440000271",2024,3,"BPG",11,76,14,138
"440000271",2024,3,"SLE",3,62,14,138
"440000271",2024,4,"BPG",3,76,6,138
"440000271",2024,4,"SLE",3,62,6,138
"440000271",2024,5,"BPG",7,76,11,138
"440000271",2024,5,"SLE",4,62,11,138
"440000271",2024,6,"BPG",9,76,18,138
"440000271",2024,6,"SLE",9,62,18,138
"440000271",2024,7,"BPG",4,76,9,138
"440000271",2024,7,"SLE",5,62,9,138
"440000271",2024,8,"BPG",1,76,3,138
"440000271",2024,8,"SLE",2,62,3,138
"440000271",2024,9,"BPG",9,76,16,138
"440000271",2024,9,"SLE",7,62,16,138
"440000271",2024,10,"BPG",7,76,13,138
"440000271",2024,10,"SLE",6,62,13,138
"440000271",2024,11,"BPG",7,76,14,138
"440000271",2024,11,"SLE",7,62,14,138
"440000271",2024,12,"BPG",5,76,10,138
"440000271",2024,12,"SLE",5,62,10,138
"440000271",2025,1,"BPG",11,35,17,56
"440000271",2025,1,"SLE",6,21,17,56
"440000271",2025,2,"BPG",3,35,5,56
"440000271",2025,2,"SLE",2,21,5,56
"440000271",2025,3,"BPG",6,35,8,56
"440000271",2025,3,"SLE",2,21,8,56
"440000271",2025,4,"BPG",7,35,12,56
"440000271",2025,4,"SLE",5,21,12,56
"440000271",2025,5,"BPG",4,35,7,56
"440000271",2025,5,"SLE",3,21,7,56
"440000271",2025,6,"BPG",4,35,7,56
"440000271",2025,6,"SLE",3,21,7,56
"830100459",2019,1,"ANN",1,5,37,369
"830100459",2019,1,"BPG",2,19,37,369
"830100459",2019,1,"SLE",34,337,37,369
"830100459",2019,2,"BPG",2,19,24,369
"830100459",2019,2,"DBP",1,8,24,369
"830100459",2019,2,"SLE",21,337,24,369
"830100459",2019,3,"BPG",3,19,33,369
"830100459",2019,3,"SLE",30,337,33,369
"830100459",2019,4,"ANN",1,5,36,369
"830100459",2019,4,"BPG",2,19,36,369
"830100459",2019,4,"SLE",33,337,36,369
"830100459",2019,5,"ANN",2,5,36,369
"830100459",2019,5,"BPG",1,19,36,369
"830100459",2019,5,"DBP",2,8,36,369
"830100459",2019,5,"SLE",31,337,36,369
"830100459",2019,6,"DBP",2,8,28,369
"830100459",2019,6,"SLE",26,337,28,369
"830100459",2019,7,"BPG",1,19,39,369
"830100459",2019,7,"DBP",1,8,39,369
"830100459",2019,7,"SLE",37,337,39,369
"830100459",2019,8,"DBP",1,8,14,369
"830100459",2019,8,"SLE",13,337,14,369
"830100459",2019,9,"BPG",1,19,31,369
"830100459",2019,9,"SLE",30,337,31,369
"830100459",2019,10,"BPG",4,19,41,369
"830100459",2019,10,"SLE",37,337,41,369
"830100459",2019,11,"BPG",2,19,31,369
"830100459",2019,11,"SLE",29,337,31,369
"830100459",2019,12,"ANN",1,5,19,369
"830100459",2019,12,"BPG",1,19,19,369
"830100459",2019,12,"DBP",1,8,19,369
"830100459",2019,12,"SLE",16,337,19,369
"830100459",2020,1,"ANN",1,1,43,299
"830100459",2020,1,"BPG",5,26,43,299
"830100459",2020,1,"SLE",37,272,43,299
"830100459",2020,2,"BPG",3,26,36,299
"830100459",2020,2,"SLE",33,272,36,299
"830100459",2020,3,"BPG",3,26,12,299
"830100459",2020,3,"SLE",9,272,12,299
"830100459",2020,5,"BPG",1,26,9,299
"830100459",2020,5,"SLE",8,272,9,299
"830100459",2020,6,"BPG",4,26,32,299
"830100459",2020,6,"SLE",28,272,32,299
"830100459",2020,7,"BPG",1,26,41,299
"830100459",2020,7,"SLE",40,272,41,299
"830100459",2020,8,"BPG",1,26,25,299
"830100459",2020,8,"SLE",24,272,25,299
"830100459",2020,9,"BPG",1,26,25,299
"830100459",2020,9,"SLE",24,272,25,299
"830100459",2020,10,"BPG",2,26,29,299
"830100459",2020,10,"SLE",27,272,29,299
"830100459",2020,11,"SLE",9,272,9,299
"830100459",2020,12,"BPG",5,26,38,299
"830100459",2020,12,"SLE",33,272,38,299
"830100459",2021,1,"ANN",1,5,31,394
"830100459",2021,1,"BPG",1,42,31,394
"830100459",2021,1,"SLE",29,347,31,394
"830100459",2021,2,"BPG",2,42,27,394
"830100459",2021,2,"SLE",25,347,27,394
"830100459",2021,3,"BPG",6,42,54,394
"830100459",2021,3,"SLE",48,347,54,394
"830100459",2021,4,"BPG",5,42,27,394
"830100459",2021,4,"SLE",22,347,27,394
"830100459",2021,5,"BPG",3,42,36,394
"830100459",2021,5,"SLE",33,347,36,394
"830100459",2021,6,"BPG",7,42,42,394
"830100459",2021,6,"SLE",35,347,42,394
"830100459",2021,7,"ANN",1,5,28,394
"830100459",2021,7,"BPG",3,42,28,394
"830100459",2021,7,"SLE",24,347,28,394
"830100459",2021,8,"ANN",1,5,23,394
"830100459",2021,8,"BPG",3,42,23,394
"830100459",2021,8,"SLE",19,347,23,394
"830100459",2021,9,"BPG",4,42,31,394
"830100459",2021,9,"SLE",27,347,31,394
"830100459",2021,10,"BPG",5,42,36,394
"830100459",2021,10,"SLE",31,347,36,394
"830100459",2021,11,"ANN",1,5,38,394
"830100459",2021,11,"BPG",2,42,38,394
"830100459",2021,11,"SLE",35,347,38,394
"830100459",2021,12,"ANN",1,5,21,394
"830100459",2021,12,"BPG",1,42,21,394
"830100459",2021,12,"SLE",19,347,21,394
"830100459",2022,1,"BPG",1,27,10,312
"830100459",2022,1,"SLE",9,282,10,312
"830100459",2022,2,"ANN",1,3,34,312
"830100459",2022,2,"SLE",33,282,34,312
"830100459",2022,3,"BPG",1,27,33,312
"830100459",2022,3,"SLE",32,282,33,312
"830100459",2022,4,"BPG",2,27,26,312
"830100459",2022,4,"SLE",24,282,26,312
"830100459",2022,5,"BPG",3,27,31,312
"830100459",2022,5,"SLE",28,282,31,312
"830100459",2022,6,"ANN",2,3,28,312
"830100459",2022,6,"BPG",2,27,28,312
"830100459",2022,6,"SLE",24,282,28,312
"830100459",2022,7,"BPG",4,27,27,312
"830100459",2022,7,"SLE",23,282,27,312
"830100459",2022,8,"SLE",10,282,10,312
"830100459",2022,9,"BPG",6,27,36,312
"830100459",2022,9,"SLE",30,282,36,312
"830100459",2022,10,"BPG",2,27,32,312
"830100459",2022,10,"SLE",30,282,32,312
"830100459",2022,11,"BPG",4,27,28,312
"830100459",2022,11,"SLE",24,282,28,312
"830100459",2022,12,"BPG",2,27,17,312
"830100459",2022,12,"SLE",15,282,17,312
"830100459",2023,1,"BPG",5,49,39,305
"830100459",2023,1,"SLE",34,251,39,305
"830100459",2023,2,"ANN",1,5,25,305
"830100459",2023,2,"BPG",7,49,25,305
"830100459",2023,2,"SLE",17,251,25,305
"830100459",2023,3,"BPG",3,49,34,305
"830100459",2023,3,"SLE",31,251,34,305
"830100459",2023,4,"ANN",1,5,34,305
"830100459",2023,4,"BPG",5,49,34,305
"830100459",2023,4,"SLE",28,251,34,305
"830100459",2023,5,"ANN",2,5,24,305
"830100459",2023,5,"BPG",1,49,24,305
"830100459",2023,5,"SLE",21,251,24,305
"830100459",2023,6,"BPG",9,49,22,305
"830100459",2023,6,"SLE",13,251,22,305
"830100459",2023,7,"BPG",5,49,34,305
"830100459",2023,7,"SLE",29,251,34,305
"830100459",2023,8,"SLE",5,251,5,305
"830100459",2023,9,"ANN",1,5,24,305
"830100459",2023,9,"BPG",4,49,24,305
"830100459",2023,9,"SLE",19,251,24,305
"830100459",2023,10,"BPG",5,49,20,305
"830100459",2023,10,"SLE",15,251,20,305
"830100459",2023,11,"BPG",3,49,22,305
"830100459",2023,11,"SLE",19,251,22,305
"830100459",2023,12,"BPG",2,49,22,305
"830100459",2023,12,"SLE",20,251,22,305
"830100459",2024,1,"BPG",6,40,30,218
"830100459",2024,1,"SLE",24,173,30,218
"830100459",2024,2,"BPG",3,40,22,218
"830100459",2024,2,"SLE",19,173,22,218
"830100459",2024,3,"ANN",1,5,18,218
"830100459",2024,3,"BPG",3,40,18,218
"830100459",2024,3,"SLE",14,173,18,218
"830100459",2024,4,"ANN",1,5,19,218
"830100459",2024,4,"BPG",4,40,19,218
"830100459",2024,4,"SLE",14,173,19,218
"830100459",2024,5,"BPG",3,40,20,218
"830100459",2024,5,"SLE",17,173,20,218
"830100459",2024,6,"BPG",4,40,26,218
"830100459",2024,6,"SLE",22,173,26,218
"830100459",2024,7,"BPG",3,40,16,218
"830100459",2024,7,"SLE",13,173,16,218
"830100459",2024,8,"SLE",1,173,1,218
"830100459",2024,9,"BPG",3,40,13,218
"830100459",2024,9,"SLE",10,173,13,218
"830100459",2024,10,"BPG",3,40,15,218
"830100459",2024,10,"SLE",12,173,15,218
"830100459",2024,11,"BPG",2,40,21,218
"830100459",2024,11,"SLE",19,173,21,218
"830100459",2024,12,"ANN",3,5,17,218
"830100459",2024,12,"BPG",6,40,17,218
"830100459",2024,12,"SLE",8,173,17,218
"830100459",2025,1,"BPG",5,21,19,141
"830100459",2025,1,"SLE",14,118,19,141
"830100459",2025,2,"BPG",6,21,19,141
"830100459",2025,2,"SLE",13,118,19,141
"830100459",2025,3,"ANN",1,2,25,141
"830100459",2025,3,"BPG",2,21,25,141
"830100459",2025,3,"SLE",22,118,25,141
"830100459",2025,4,"BPG",2,21,23,141
"830100459",2025,4,"SLE",21,118,23,141
"830100459",2025,5,"BPG",4,21,23,141
"830100459",2025,5,"SLE",19,118,23,141
"830100459",2025,6,"BPG",1,21,14,141
"830100459",2025,6,"SLE",13,118,14,141
"830100459",2025,7,"ANN",1,2,18,141
"830100459",2025,7,"BPG",1,21,18,141
"830100459",2025,7,"SLE",16,118,18,141
"930100037",2018,9,"BPG",1,1,1,1
"930100037",2019,1,"BPG",3,30,21,141
"930100037",2019,1,"SLE",18,111,21,141
"930100037",2019,2,"SLE",13,111,13,141
"930100037",2019,3,"BPG",3,30,24,141
"930100037",2019,3,"SLE",21,111,24,141
"930100037",2019,4,"BPG",4,30,14,141
"930100037",2019,4,"SLE",10,111,14,141
"930100037",2019,5,"BPG",2,30,10,141
"930100037",2019,5,"SLE",8,111,10,141
"930100037",2019,6,"BPG",7,30,19,141
"930100037",2019,6,"SLE",12,111,19,141
"930100037",2019,7,"SLE",4,111,4,141
"930100037",2019,8,"BPG",2,30,5,141
"930100037",2019,8,"SLE",3,111,5,141
"930100037",2019,9,"BPG",3,30,12,141
"930100037",2019,9,"SLE",9,111,12,141
"930100037",2019,10,"BPG",1,30,7,141
"930100037",2019,10,"SLE",6,111,7,141
"930100037",2019,11,"BPG",3,30,8,141
"930100037",2019,11,"SLE",5,111,8,141
"930100037",2019,12,"BPG",2,30,4,141
"930100037",2019,12,"SLE",2,111,4,141
"930100037",2020,1,"BPG",2,7,7,35
"930100037",2020,1,"SLE",5,28,7,35
"930100037",2020,2,"BPG",4,7,12,35
"930100037",2020,2,"SLE",8,28,12,35
"930100037",2020,6,"SLE",1,28,1,35
"930100037",2020,7,"BPG",1,7,3,35
"930100037",2020,7,"SLE",2,28,3,35
"930100037",2020,8,"SLE",1,28,1,35
"930100037",2020,9,"SLE",3,28,3,35
"930100037",2020,10,"SLE",5,28,5,35
"930100037",2020,11,"SLE",1,28,1,35
"930100037",2020,12,"SLE",2,28,2,35
"930100037",2021,1,"SLE",7,66,7,77
"930100037",2021,2,"BPG",1,11,4,77
"930100037",2021,2,"SLE",3,66,4,77
"930100037",2021,3,"SLE",6,66,6,77
"930100037",2021,5,"BPG",1,11,4,77
"930100037",2021,5,"SLE",3,66,4,77
"930100037",2021,6,"BPG",4,11,17,77
"930100037",2021,6,"SLE",13,66,17,77
"930100037",2021,7,"SLE",5,66,5,77
"930100037",2021,8,"SLE",5,66,5,77
"930100037",2021,9,"BPG",2,11,11,77
"930100037",2021,9,"SLE",9,66,11,77
"930100037",2021,10,"BPG",1,11,13,77
"930100037",2021,10,"SLE",12,66,13,77
"930100037",2021,11,"BPG",1,11,2,77
"930100037",2021,11,"SLE",1,66,2,77
"930100037",2021,12,"BPG",1,11,3,77
"930100037",2021,12,"SLE",2,66,3,77
"930100037",2022,1,"BPG",2,27,5,154
"930100037",2022,1,"SLE",3,127,5,154
"930100037",2022,2,"BPG",5,27,12,154
"930100037",2022,2,"SLE",7,127,12,154
"930100037",2022,3,"BPG",3,27,17,154
"930100037",2022,3,"SLE",14,127,17,154
"930100037",2022,4,"BPG",2,27,11,154
"930100037",2022,4,"SLE",9,127,11,154
"930100037",2022,5,"BPG",4,27,12,154
"930100037",2022,5,"SLE",8,127,12,154
"930100037",2022,6,"BPG",2,27,14,154
"930100037",2022,6,"SLE",12,127,14,154
"930100037",2022,7,"SLE",16,127,16,154
"930100037",2022,8,"BPG",1,27,8,154
"930100037",2022,8,"SLE",7,127,8,154
"930100037",2022,9,"BPG",3,27,16,154
"930100037",2022,9,"SLE",13,127,16,154
"930100037",2022,10,"BPG",3,27,13,154
"930100037",2022,10,"SLE",10,127,13,154
"930100037",2022,11,"BPG",2,27,21,154
"930100037",2022,11,"SLE",19,127,21,154
"930100037",2022,12,"SLE",9,127,9,154
"930100037",2023,1,"BPG",2,26,12,121
"930100037",2023,1,"SLE",10,95,12,121
"930100037",2023,2,"BPG",3,26,10,121
"930100037",2023,2,"SLE",7,95,10,121
"930100037",2023,3,"BPG",2,26,14,121
"930100037",2023,3,"SLE",12,95,14,121
"930100037",2023,4,"BPG",1,26,8,121
"930100037",2023,4,"SLE",7,95,8,121
"930100037",2023,5,"BPG",4,26,12,121
"930100037",2023,5,"SLE",8,95,12,121
"930100037",2023,6,"BPG",2,26,10,121
"930100037",2023,6,"SLE",8,95,10,121
"930100037",2023,7,"SLE",14,95,14,121
"930100037",2023,8,"SLE",5,95,5,121
"930100037",2023,9,"BPG",4,26,8,121
"930100037",2023,9,"SLE",4,95,8,121
"930100037",2023,10,"BPG",3,26,9,121
"930100037",2023,10,"SLE",6,95,9,121
"930100037",2023,11,"BPG",1,26,10,121
"930100037",2023,11,"SLE",9,95,10,121
"930100037",2023,12,"BPG",4,26,9,121
"930100037",2023,12,"SLE",5,95,9,121
"930100037",2024,1,"BPG",4,50,18,140
"930100037",2024,1,"SLE",14,89,18,140
"930100037",2024,2,"BPG",7,50,9,140
"930100037",2024,2,"SLE",2,89,9,140
"930100037",2024,3,"BPG",4,50,9,140
"930100037",2024,3,"SLE",5,89,9,140
"930100037",2024,4,"BPG",6,50,14,140
"930100037",2024,4,"SLE",8,89,14,140
"930100037",2024,5,"BPG",3,50,10,140
"930100037",2024,5,"SLE",7,89,10,140
"930100037",2024,6,"BPG",2,50,10,140
"930100037",2024,6,"SLE",8,89,10,140
"930100037",2024,7,"BPG",5,50,14,140
"930100037",2024,7,"SLE",9,89,14,140
"930100037",2024,8,"BPG",1,50,12,140
"930100037",2024,8,"DBP",1,1,12,140
"930100037",2024,8,"SLE",10,89,12,140
"930100037",2024,9,"BPG",5,50,11,140
"930100037",2024,9,"SLE",6,89,11,140
"930100037",2024,10,"BPG",7,50,14,140
"930100037",2024,10,"SLE",7,89,14,140
"930100037",2024,11,"BPG",3,50,8,140
"930100037",2024,11,"SLE",5,89,8,140
"930100037",2024,12,"BPG",3,50,11,140
"930100037",2024,12,"SLE",8,89,11,140
"930100037",2025,1,"BPG",1,25,8,62
"930100037",2025,1,"SLE",7,36,8,62
"930100037",2025,2,"BPG",4,25,13,62
"930100037",2025,2,"SLE",9,36,13,62
"930100037",2025,3,"BPG",6,25,10,62
"930100037",2025,3,"SLE",4,36,10,62
"930100037",2025,4,"BPG",4,25,9,62
"930100037",2025,4,"SLE",5,36,9,62
"930100037",2025,5,"BPG",3,25,7,62
"930100037",2025,5,"DBP",1,1,7,62
"930100037",2025,5,"SLE",3,36,7,62
"930100037",2025,6,"BPG",4,25,12,62
"930100037",2025,6,"SLE",8,36,12,62
"930100037",2025,7,"BPG",3,25,3,62
"940000573",2019,1,"BPG",5,69,14,160
"940000573",2019,1,"SLE",9,84,14,160
"940000573",2019,2,"BPG",4,69,10,160
"940000573",2019,2,"DBP",1,7,10,160
"940000573",2019,2,"SLE",5,84,10,160
"940000573",2019,3,"BPG",8,69,18,160
"940000573",2019,3,"SLE",10,84,18,160
"940000573",2019,4,"BPG",4,69,12,160
"940000573",2019,4,"SLE",8,84,12,160
"940000573",2019,5,"BPG",3,69,6,160
"940000573",2019,5,"DBP",1,7,6,160
"940000573",2019,5,"SLE",2,84,6,160
"940000573",2019,6,"BPG",4,69,14,160
"940000573",2019,6,"DBP",1,7,14,160
"940000573",2019,6,"SLE",9,84,14,160
"940000573",2019,7,"BPG",8,69,16,160
"940000573",2019,7,"SLE",8,84,16,160
"940000573",2019,8,"BPG",4,69,6,160
"940000573",2019,8,"SLE",2,84,6,160
"940000573",2019,9,"BPG",5,69,12,160
"940000573",2019,9,"DBP",1,7,12,160
"940000573",2019,9,"SLE",6,84,12,160
"940000573",2019,10,"BPG",7,69,21,160
"940000573",2019,10,"DBP",1,7,21,160
"940000573",2019,10,"SLE",13,84,21,160
"940000573",2019,11,"BPG",8,69,16,160
"940000573",2019,11,"DBP",1,7,16,160
"940000573",2019,11,"SLE",7,84,16,160
"940000573",2019,12,"BPG",9,69,15,160
"940000573",2019,12,"DBP",1,7,15,160
"940000573",2019,12,"SLE",5,84,15,160
"940000573",2020,1,"BPG",7,61,10,136
"940000573",2020,1,"SLE",3,66,10,136
"940000573",2020,2,"BPG",6,61,10,136
"940000573",2020,2,"SLE",4,66,10,136
"940000573",2020,3,"BPG",3,61,7,136
"940000573",2020,3,"DBP",1,9,7,136
"940000573",2020,3,"SLE",3,66,7,136
"940000573",2020,5,"BPG",3,61,7,136
"940000573",2020,5,"SLE",4,66,7,136
"940000573",2020,6,"BPG",1,61,17,136
"940000573",2020,6,"DBP",1,9,17,136
"940000573",2020,6,"SLE",15,66,17,136
"940000573",2020,7,"BPG",8,61,17,136
"940000573",2020,7,"SLE",9,66,17,136
"940000573",2020,8,"BPG",7,61,8,136
"940000573",2020,8,"DBP",1,9,8,136
"940000573",2020,9,"BPG",11,61,21,136
"940000573",2020,9,"DBP",1,9,21,136
"940000573",2020,9,"SLE",9,66,21,136
"940000573",2020,10,"BPG",8,61,17,136
"940000573",2020,10,"DBP",3,9,17,136
"940000573",2020,10,"SLE",6,66,17,136
"940000573",2020,11,"BPG",3,61,11,136
"940000573",2020,11,"DBP",1,9,11,136
"940000573",2020,11,"SLE",7,66,11,136
"940000573",2020,12,"BPG",4,61,11,136
"940000573",2020,12,"DBP",1,9,11,136
"940000573",2020,12,"SLE",6,66,11,136
"940000573",2021,1,"BPG",11,110,21,223
"940000573",2021,1,"SLE",10,107,21,223
"940000573",2021,2,"BPG",9,110,17,223
"940000573",2021,2,"DBP",1,6,17,223
"940000573",2021,2,"SLE",7,107,17,223
"940000573",2021,3,"BPG",5,110,20,223
"940000573",2021,3,"DBP",3,6,20,223
"940000573",2021,3,"SLE",12,107,20,223
"940000573",2021,4,"BPG",12,110,22,223
"940000573",2021,4,"SLE",10,107,22,223
"940000573",2021,5,"BPG",15,110,22,223
"940000573",2021,5,"SLE",7,107,22,223
"940000573",2021,6,"BPG",14,110,22,223
"940000573",2021,6,"DBP",1,6,22,223
"940000573",2021,6,"SLE",7,107,22,223
"940000573",2021,7,"BPG",5,110,17,223
"940000573",2021,7,"SLE",12,107,17,223
"940000573",2021,8,"BPG",6,110,13,223
"940000573",2021,8,"SLE",7,107,13,223
"940000573",2021,9,"BPG",12,110,21,223
"940000573",2021,9,"DBP",1,6,21,223
"940000573",2021,9,"SLE",8,107,21,223
"940000573",2021,10,"BPG",7,110,15,223
"940000573",2021,10,"SLE",8,107,15,223
"940000573",2021,11,"BPG",6,110,17,223
"940000573",2021,11,"SLE",11,107,17,223
"940000573",2021,12,"BPG",8,110,16,223
"940000573",2021,12,"SLE",8,107,16,223
"940000573",2022,1,"BPG",10,101,16,186
"940000573",2022,1,"DBP",2,7,16,186
"940000573",2022,1,"SLE",4,78,16,186
"940000573",2022,2,"BPG",7,101,20,186
"940000573",2022,2,"DBP",1,7,20,186
"940000573",2022,2,"SLE",12,78,20,186
"940000573",2022,3,"BPG",11,101,18,186
"940000573",2022,3,"DBP",1,7,18,186
"940000573",2022,3,"SLE",6,78,18,186
"940000573",2022,4,"BPG",8,101,17,186
"940000573",2022,4,"SLE",9,78,17,186
"940000573",2022,5,"BPG",10,101,18,186
"940000573",2022,5,"SLE",8,78,18,186
"940000573",2022,6,"BPG",10,101,16,186
"940000573",2022,6,"SLE",6,78,16,186
"940000573",2022,7,"BPG",6,101,13,186
"940000573",2022,7,"SLE",7,78,13,186
"940000573",2022,8,"BPG",5,101,7,186
"940000573",2022,8,"SLE",2,78,7,186
"940000573",2022,9,"BPG",9,101,13,186
"940000573",2022,9,"SLE",4,78,13,186
"940000573",2022,10,"BPG",9,101,16,186
"940000573",2022,10,"DBP",1,7,16,186
"940000573",2022,10,"SLE",6,78,16,186
"940000573",2022,11,"BPG",9,101,18,186
"940000573",2022,11,"DBP",1,7,18,186
"940000573",2022,11,"SLE",8,78,18,186
"940000573",2022,12,"BPG",7,101,14,186
"940000573",2022,12,"DBP",1,7,14,186
"940000573",2022,12,"SLE",6,78,14,186
"940000573",2023,1,"BPG",11,78,16,159
"940000573",2023,1,"SLE",5,79,16,159
"940000573",2023,2,"BPG",8,78,11,159
"940000573",2023,2,"SLE",3,79,11,159
"940000573",2023,3,"BPG",8,78,21,159
"940000573",2023,3,"DBP",1,2,21,159
"940000573",2023,3,"SLE",12,79,21,159
"940000573",2023,4,"BPG",5,78,12,159
"940000573",2023,4,"SLE",7,79,12,159
"940000573",2023,5,"BPG",5,78,11,159
"940000573",2023,5,"SLE",6,79,11,159
"940000573",2023,6,"BPG",9,78,21,159
"940000573",2023,6,"DBP",1,2,21,159
"940000573",2023,6,"SLE",11,79,21,159
"940000573",2023,7,"BPG",5,78,9,159
"940000573",2023,7,"SLE",4,79,9,159
"940000573",2023,8,"BPG",1,78,3,159
"940000573",2023,8,"SLE",2,79,3,159
"940000573",2023,9,"BPG",9,78,17,159
"940000573",2023,9,"SLE",8,79,17,159
"940000573",2023,10,"BPG",11,78,18,159
"940000573",2023,10,"SLE",7,79,18,159
"940000573",2023,11,"BPG",4,78,11,159
"940000573",2023,11,"SLE",7,79,11,159
"940000573",2023,12,"BPG",2,78,9,159
"940000573",2023,12,"SLE",7,79,9,159
"940000573",2024,1,"BPG",4,85,13,170
"940000573",2024,1,"SLE",9,83,13,170
"940000573",2024,2,"BPG",8,85,11,170
"940000573",2024,2,"SLE",3,83,11,170
"940000573",2024,3,"BPG",5,85,10,170
"940000573",2024,3,"DBP",1,2,10,170
"940000573",2024,3,"SLE",4,83,10,170
"940000573",2024,4,"BPG",12,85,21,170
"940000573",2024,4,"SLE",9,83,21,170
"940000573",2024,5,"BPG",5,85,14,170
"940000573",2024,5,"SLE",9,83,14,170
"940000573",2024,6,"BPG",12,85,22,170
"940000573",2024,6,"SLE",10,83,22,170
"940000573",2024,7,"BPG",7,85,13,170
"940000573",2024,7,"SLE",6,83,13,170
"940000573",2024,8,"BPG",4,85,4,170
"940000573",2024,9,"BPG",3,85,12,170
"940000573",2024,9,"DBP",1,2,12,170
"940000573",2024,9,"SLE",8,83,12,170
"940000573",2024,10,"BPG",10,85,17,170
"940000573",2024,10,"SLE",7,83,17,170
"940000573",2024,11,"BPG",8,85,22,170
"940000573",2024,11,"SLE",14,83,22,170
"940000573",2024,12,"BPG",7,85,11,170
"940000573",2024,12,"SLE",4,83,11,170
"940000573",2025,1,"BPG",8,62,16,122
"940000573",2025,1,"SLE",8,60,16,122
"940000573",2025,2,"BPG",9,62,17,122
"940000573",2025,2,"SLE",8,60,17,122
"940000573",2025,3,"BPG",7,62,22,122
"940000573",2025,3,"SLE",15,60,22,122
"940000573",2025,4,"BPG",8,62,17,122
"940000573",2025,4,"SLE",9,60,17,122
"940000573",2025,5,"BPG",10,62,14,122
"940000573",2025,5,"SLE",4,60,14,122
"940000573",2025,6,"BPG",11,62,21,122
"940000573",2025,6,"SLE",10,60,21,122
"940000573",2025,7,"BPG",9,62,15,122
"940000573",2025,7,"SLE",6,60,15,122
