"finessGeoDP","annee","clav_cat_90","TOT","COMPL_nb","COMPL_pct"
"010780195",2021,3,83,1,1.2
"010780195",2021,4,83,1,1.2
"010780195",2022,3,63,3,4.76
"010780195",2023,3,79,1,1.27
"010780195",2024,4,72,2,2.78
"010780203",2021,3,83,1,1.2
"010780203",2022,3,101,3,2.97
"010780203",2023,3,121,3,2.48
"010780203",2023,4,121,1,0.83
"010780203",2024,3,92,3,3.26
"010780203",2024,4,92,2,2.17
"010780203",2025,3,48,3,6.25
"020000162",2021,4,64,1,1.56
"020000162",2022,3,62,1,1.61
"020000162",2022,4,62,1,1.61
"020000162",2022,5,62,1,1.61
"020000162",2023,3,57,3,5.26
"020000162",2024,3,58,1,1.72
"020000162",2025,3,49,1,2.04
"020000394",2022,3,53,1,1.89
"020000394",2022,4,53,1,1.89
"020000394",2023,3,35,1,2.86
"020000394",2023,4,35,1,2.86
"020000519",2021,3,21,1,4.76
"020000519",2021,4,21,1,4.76
"020000519",2022,3,55,1,1.82
"020000519",2022,4,55,2,3.64
"020000519",2023,3,53,1,1.89
"020000519",2024,3,66,2,3.03
"020010047",2024,3,67,1,1.49
"030781116",2021,3,63,2,3.17
"030781116",2022,3,44,1,2.27
"030781116",2023,3,59,2,3.39
"030781116",2024,3,59,1,1.69
"030781116",2025,3,28,1,3.57
"040000093",2022,3,34,1,2.94
"040000093",2023,3,37,2,5.41
"040000093",2024,3,25,1,4
"040000093",2025,3,15,1,6.67
"050000348",2021,3,52,2,3.85
"050000348",2021,4,52,2,3.85
"050000348",2022,3,48,1,2.08
"050000348",2023,4,31,1,3.23
"050000348",2023,5,31,1,3.23
"050000348",2024,4,51,1,1.96
"050000348",2025,3,19,1,5.26
"060000478",2021,3,37,1,2.7
"060000478",2021,4,37,2,5.41
"060000478",2022,3,28,3,10.71
"060000478",2023,4,34,1,2.94
"060000510",2021,3,119,2,1.68
"060000510",2024,4,88,3,3.41
"060021417",2021,3,77,2,2.6
"060021417",2021,4,77,1,1.3
"060021417",2023,3,92,1,1.09
"060021417",2023,4,92,1,1.09
"060021417",2024,3,83,4,4.82
"060021417",2025,3,40,2,5
"060780491",2021,4,92,1,1.09
"060780491",2022,3,88,2,2.27
"060780491",2022,4,88,2,2.27
"060780491",2023,3,62,1,1.61
"060780491",2023,4,62,2,3.23
"060780491",2024,3,96,3,3.12
"060780491",2025,3,68,3,4.41
"060780491",2025,4,68,4,5.88
"060780590",2021,3,79,1,1.27
"060780590",2022,3,60,2,3.33
"060780590",2023,3,33,1,3.03
"060780590",2024,3,51,2,3.92
"060780590",2025,3,13,1,7.69
"060780590",2025,4,13,1,7.69
"060780715",2021,3,84,3,3.57
"060780715",2022,3,69,1,1.45
"060780715",2024,3,42,1,2.38
"060780715",2024,5,42,1,2.38
"060789195",2021,3,195,3,1.54
"060789195",2021,4,195,1,0.51
"060789195",2022,3,221,2,0.9
"060789195",2023,3,188,2,1.06
"060789195",2023,4,188,1,0.53
"060789195",2023,5,188,1,0.53
"060789195",2024,3,110,3,2.73
"060789195",2024,4,110,1,0.91
"060800166",2021,4,34,2,5.88
"060800166",2022,3,33,1,3.03
"060800166",2024,4,10,1,10
"070780424",2021,3,114,4,3.51
"070780424",2023,3,91,2,2.2
"070780424",2023,4,91,1,1.1
"070780424",2025,3,57,4,7.02
"080010473",2021,3,135,4,2.96
"080010473",2022,3,121,2,1.65
"080010473",2023,3,119,5,4.2
"080010473",2023,4,119,1,0.84
"080010473",2024,4,111,1,0.9
"100000082",2021,3,107,1,0.93
"100000082",2021,5,107,1,0.93
"100000124",2021,3,103,2,1.94
"100000124",2022,3,161,3,1.86
"100000124",2023,3,127,3,2.36
"100000124",2024,3,76,3,3.95
"100010818",2021,3,24,1,4.17
"100010818",2022,5,48,1,2.08
"100010818",2023,3,100,1,1
"110000023",2021,3,103,1,0.97
"110000023",2022,3,103,1,0.97
"110000023",2022,4,103,1,0.97
"110000023",2025,3,79,1,1.27
"110000023",2025,4,79,1,1.27
"110000056",2021,3,45,3,6.67
"110000056",2021,4,45,1,2.22
"110000056",2023,3,35,2,5.71
"110000056",2024,3,41,3,7.32
"130000409",2021,4,36,1,2.78
"130000409",2022,3,56,3,5.36
"130000409",2022,4,56,1,1.79
"130000409",2024,3,32,1,3.12
"130000409",2025,3,25,2,8
"130001225",2021,4,57,1,1.75
"130001225",2022,3,74,2,2.7
"130001225",2022,4,74,1,1.35
"130001225",2023,3,58,1,1.72
"130001225",2023,4,58,1,1.72
"130001225",2024,3,48,1,2.08
"130001225",2025,3,28,1,3.57
"130001225",2025,4,28,1,3.57
"130043664",2021,3,281,7,2.49
"130043664",2021,4,281,1,0.36
"130043664",2022,3,209,4,1.91
"130043664",2023,3,204,3,1.47
"130043664",2023,4,204,2,0.98
"130043664",2024,3,222,2,0.9
"130043664",2024,4,222,1,0.45
"130043664",2025,3,139,5,3.6
"130043664",2025,4,139,1,0.72
"130780521",2021,3,73,3,4.11
"130780521",2022,3,51,1,1.96
"130780521",2022,4,51,1,1.96
"130780521",2023,4,70,1,1.43
"130780521",2025,3,48,3,6.25
"130781479",2021,3,136,2,1.47
"130781479",2023,3,144,4,2.78
"130781479",2023,4,144,1,0.69
"130781479",2024,4,142,1,0.7
"130781479",2025,3,79,2,2.53
"130781479",2025,4,79,1,1.27
"130782162",2021,3,121,5,4.13
"130782162",2022,3,117,3,2.56
"130782162",2023,3,98,1,1.02
"130782162",2024,3,86,1,1.16
"130783236",2021,3,125,3,2.4
"130783236",2021,4,125,1,0.8
"130783236",2023,3,115,4,3.48
"130783236",2023,5,115,1,0.87
"130783327",2021,3,164,1,0.61
"130783327",2021,4,164,2,1.22
"130783327",2022,4,230,4,1.74
"130783327",2023,3,224,3,1.34
"130783327",2023,4,224,1,0.45
"130783327",2024,4,248,4,1.61
"130783327",2025,4,148,1,0.68
"130784051",2021,3,75,1,1.33
"130784051",2021,4,75,1,1.33
"130784051",2022,3,48,1,2.08
"130784051",2022,4,48,2,4.17
"130784051",2023,3,53,1,1.89
"130784051",2023,4,53,1,1.89
"130784051",2024,3,16,3,18.75
"130785652",2021,3,100,4,4
"130785652",2021,4,100,1,1
"130785652",2022,3,95,1,1.05
"130785652",2023,3,99,10,10.1
"130785652",2024,3,103,2,1.94
"130785652",2024,4,103,1,0.97
"130785652",2025,3,50,2,4
"130785652",2025,4,50,1,2
"130786361",2021,3,262,1,0.38
"130786361",2021,4,262,1,0.38
"130786361",2022,3,263,1,0.38
"130786361",2023,3,274,1,0.36
"130786361",2024,3,270,4,1.48
"130786361",2024,4,270,1,0.37
"130786361",2025,3,149,1,0.67
"130786742",2021,4,41,2,4.88
"130786742",2022,3,34,1,2.94
"130786742",2022,4,34,2,5.88
"130786742",2023,4,46,1,2.17
"130786742",2025,3,24,2,8.33
"130786742",2025,4,24,1,4.17
"130810740",2021,3,158,6,3.8
"130810740",2021,4,158,4,2.53
"130810740",2022,3,145,6,4.14
"130810740",2022,4,145,2,1.38
"130810740",2023,3,141,6,4.26
"130810740",2023,4,141,1,0.71
"130810740",2024,3,120,1,0.83
"130810740",2024,4,120,1,0.83
"130810740",2025,3,73,4,5.48
"140000209",2021,3,177,5,2.82
"140000209",2021,4,177,2,1.13
"140000209",2022,3,201,10,4.98
"140000209",2022,4,201,2,1
"140000209",2023,3,189,8,4.23
"140000209",2023,4,189,2,1.06
"140000209",2023,5,189,1,0.53
"140000209",2024,3,95,7,7.37
"140000209",2024,4,95,2,2.11
"140000209",2025,3,48,2,4.17
"140000209",2025,4,48,1,2.08
"140000290",2022,3,49,2,4.08
"140000290",2022,4,49,1,2.04
"140016759",2021,3,153,7,4.58
"140016759",2021,4,153,2,1.31
"140016759",2022,3,140,5,3.57
"140016759",2022,4,140,1,0.71
"140016759",2023,3,101,5,4.95
"140016759",2023,4,101,1,0.99
"140016759",2024,3,88,1,1.14
"140016759",2024,5,88,2,2.27
"140016759",2025,3,57,3,5.26
"140017237",2021,3,49,2,4.08
"140017237",2022,3,51,1,1.96
"140017237",2022,4,51,1,1.96
"140017237",2023,3,44,2,4.55
"140017237",2023,4,44,2,4.55
"140017237",2024,3,61,1,1.64
"140017237",2025,3,36,3,8.33
"140018730",2025,3,20,1,5
"160000253",2021,4,49,1,2.04
"160000253",2025,3,20,1,5
"160013207",2021,3,83,3,3.61
"160013207",2023,3,94,2,2.13
"160013207",2023,4,94,1,1.06
"170000095",2022,3,58,1,1.72
"170000095",2023,3,50,1,2
"170000095",2024,3,43,1,2.33
"170000152",2021,3,155,9,5.81
"170000152",2021,4,155,1,0.65
"170000152",2022,3,127,5,3.94
"170000152",2022,4,127,1,0.79
"170000152",2023,3,92,5,5.43
"170000152",2023,4,92,3,3.26
"170000152",2024,3,120,5,4.17
"170000152",2024,4,120,2,1.67
"170000152",2025,3,46,3,6.52
"170780563",2022,3,46,2,4.35
"170780563",2023,3,65,4,6.15
"170780563",2024,3,65,5,7.69
"170780563",2025,3,32,3,9.38
"170780662",2022,3,23,1,4.35
"170780662",2023,3,50,3,6
"180004145",2021,3,84,4,4.76
"180004145",2021,4,84,1,1.19
"180004145",2022,3,79,4,5.06
"180004145",2023,3,63,6,9.52
"180004145",2025,3,28,2,7.14
"190013482",2021,3,39,2,5.13
"190013482",2022,3,35,1,2.86
"190013482",2022,4,35,1,2.86
"190013482",2023,4,43,1,2.33
"190013482",2024,3,41,1,2.44
"190013482",2024,4,41,2,4.88
"190013482",2024,5,41,1,2.44
"190013482",2025,3,12,2,16.67
"190013482",2025,4,12,1,8.33
"210012670",2021,3,267,4,1.5
"210012670",2022,3,238,9,3.78
"210012670",2022,4,238,1,0.42
"210012670",2023,3,202,1,0.5
"210012670",2024,3,209,3,1.44
"210012670",2024,4,209,1,0.48
"210012670",2025,3,122,5,4.1
"210780789",2021,3,174,6,3.45
"210780789",2021,5,174,1,0.57
"210780789",2022,3,145,3,2.07
"210780789",2023,3,108,4,3.7
"210780789",2023,4,108,1,0.93
"210780789",2024,3,114,5,4.39
"210780789",2025,3,45,1,2.22
"210987558",2021,3,50,3,6
"210987558",2022,4,10,1,10
"210987558",2023,3,40,3,7.5
"210987558",2023,4,40,1,2.5
"210987558",2023,5,40,1,2.5
"210987558",2024,4,31,1,3.23
"210987558",2025,3,26,2,7.69
"210987558",2025,4,26,1,3.85
"220000012",2021,3,39,1,2.56
"220000012",2022,3,22,1,4.55
"220005599",2021,3,33,1,3.03
"220005599",2022,3,35,1,2.86
"220005599",2023,3,37,1,2.7
"220005599",2024,3,27,2,7.41
"220022800",2021,3,115,7,6.09
"220022800",2021,4,115,2,1.74
"220022800",2022,3,92,4,4.35
"220022800",2023,3,60,1,1.67
"220022800",2024,3,85,2,2.35
"220022800",2025,3,43,1,2.33
"250011848",2021,3,171,7,4.09
"250011848",2022,3,213,4,1.88
"250011848",2023,3,217,4,1.84
"250011848",2023,4,217,1,0.46
"250011848",2024,3,204,3,1.47
"250011848",2024,5,204,1,0.49
"250011848",2025,3,97,2,2.06
"260000260",2021,3,119,5,4.2
"260000260",2021,4,119,1,0.84
"260000260",2022,3,93,3,3.23
"260000260",2022,4,93,1,1.08
"260000260",2023,3,84,2,2.38
"260000260",2024,4,85,1,1.18
"260000260",2025,3,48,2,4.17
"260000260",2025,4,48,1,2.08
"260003017",2023,3,55,1,1.82
"280000084",2025,3,15,1,6.67
"280504267",2021,3,57,4,7.02
"280504267",2022,3,58,2,3.45
"280504267",2023,3,50,1,2
"280504267",2023,4,50,2,4
"280504267",2025,3,22,2,9.09
"280505777",2023,3,50,1,2
"280505777",2024,3,69,2,2.9
"290000025",2021,4,27,1,3.7
"290000025",2023,4,44,1,2.27
"290000025",2024,4,36,2,5.56
"290000025",2024,5,36,1,2.78
"290000025",2025,4,15,1,6.67
"290000215",2021,3,51,1,1.96
"290000215",2021,4,51,1,1.96
"290004324",2021,3,55,1,1.82
"290004324",2021,4,55,1,1.82
"290004324",2022,3,82,2,2.44
"290004324",2023,3,102,1,0.98
"290004324",2024,3,71,1,1.41
"290004324",2025,3,34,1,2.94
"290019777",2021,3,70,3,4.29
"290019777",2022,3,86,5,5.81
"290019777",2023,3,80,5,6.25
"290019777",2024,3,69,1,1.45
"290019777",2025,3,45,3,6.67
"290036540",2023,3,49,1,2.04
"290036540",2024,3,36,1,2.78
"290036540",2024,4,36,1,2.78
"290036540",2025,3,27,2,7.41
"2B0000145",2021,3,97,4,4.12
"2B0000145",2021,4,97,1,1.03
"2B0000145",2021,5,97,1,1.03
"2B0000145",2022,3,74,5,6.76
"2B0000145",2022,4,74,2,2.7
"2B0000145",2023,3,68,5,7.35
"2B0000145",2024,3,64,6,9.38
"2B0000145",2025,3,48,2,4.17
"300000023",2022,3,42,1,2.38
"300000023",2024,4,30,1,3.33
"300000023",2025,3,28,1,3.57
"300780137",2021,4,111,2,1.8
"300780137",2022,3,57,1,1.75
"300780137",2023,3,49,1,2.04
"300780137",2024,3,34,2,5.88
"300780137",2024,4,34,1,2.94
"300780137",2025,3,14,1,7.14
"300782117",2021,3,259,6,2.32
"300782117",2021,4,259,2,0.77
"300782117",2022,3,220,8,3.64
"300782117",2022,4,220,2,0.91
"300782117",2023,3,196,5,2.55
"300782117",2023,4,196,2,1.02
"300782117",2024,4,213,3,1.41
"300782117",2025,3,85,2,2.35
"300788502",2021,3,244,8,3.28
"300788502",2021,4,244,2,0.82
"300788502",2022,3,243,4,1.65
"300788502",2023,3,154,5,3.25
"300788502",2023,4,154,1,0.65
"300788502",2024,3,102,1,0.98
"300788502",2025,3,75,3,4
"310026927",2021,3,45,3,6.67
"310026927",2022,4,52,1,1.92
"310026927",2023,3,68,2,2.94
"310026927",2024,3,61,1,1.64
"310026927",2024,4,61,1,1.64
"310026927",2025,3,32,2,6.25
"310026927",2025,4,32,1,3.12
"310780283",2023,3,117,2,1.71
"310780283",2023,4,117,1,0.85
"310780283",2024,3,107,1,0.93
"310780283",2024,4,107,2,1.87
"310780382",2021,3,71,3,4.23
"310780382",2022,3,64,1,1.56
"310780382",2023,3,54,1,1.85
"310780382",2024,3,54,1,1.85
"310780382",2025,3,20,1,5
"310781000",2021,3,661,11,1.66
"310781000",2021,4,661,4,0.61
"310781000",2022,3,720,9,1.25
"310781000",2022,4,720,6,0.83
"310781000",2023,3,530,9,1.7
"310781000",2023,4,530,4,0.75
"310781000",2024,3,472,2,0.42
"310781000",2024,4,472,6,1.27
"310781000",2024,5,472,1,0.21
"310781000",2025,3,182,6,3.3
"310781505",2021,3,142,1,0.7
"310781505",2021,4,142,1,0.7
"310781505",2022,4,131,1,0.76
"310781505",2023,3,176,1,0.57
"310781505",2023,4,176,6,3.41
"310781505",2024,4,176,8,4.55
"310781505",2025,3,75,1,1.33
"310781505",2025,4,75,8,10.67
"310783055",2021,3,113,2,1.77
"310783055",2021,4,113,1,0.88
"310783055",2022,3,124,3,2.42
"310783055",2022,4,124,1,0.81
"310783055",2023,3,127,4,3.15
"310783055",2025,3,73,1,1.37
"310783055",2025,4,73,3,4.11
"330000340",2021,3,94,5,5.32
"330000340",2021,4,94,1,1.06
"330000340",2022,3,93,3,3.23
"330000340",2022,4,93,1,1.08
"330000340",2023,3,58,2,3.45
"330000340",2023,4,58,1,1.72
"330000340",2024,3,57,1,1.75
"330000340",2025,3,32,6,18.75
"330000340",2025,4,32,1,3.12
"330780115",2021,3,78,3,3.85
"330780115",2022,3,48,1,2.08
"330780115",2022,4,48,2,4.17
"330780115",2023,3,49,1,2.04
"330780115",2024,4,49,1,2.04
"330780263",2021,3,106,5,4.72
"330780263",2022,3,117,6,5.13
"330780263",2023,3,85,2,2.35
"330780263",2024,3,85,5,5.88
"330780263",2024,4,85,2,2.35
"330780263",2025,3,37,3,8.11
"330780479",2021,3,61,1,1.64
"330780479",2022,4,75,2,2.67
"330780479",2023,3,56,1,1.79
"330780479",2024,3,78,1,1.28
"330780479",2024,4,78,1,1.28
"330780479",2024,5,78,1,1.28
"330780511",2021,3,21,1,4.76
"330780511",2023,3,35,1,2.86
"330780511",2024,3,49,2,4.08
"330780529",2021,3,232,8,3.45
"330780529",2021,4,232,1,0.43
"330780529",2022,3,216,5,2.31
"330780529",2023,3,215,2,0.93
"330780529",2024,3,228,4,1.75
"330780529",2024,4,228,1,0.44
"330780529",2025,3,135,6,4.44
"330780529",2025,4,135,3,2.22
"330781402",2021,3,195,7,3.59
"330781402",2022,3,191,4,2.09
"330781402",2023,3,229,6,2.62
"330781402",2023,4,229,1,0.44
"330781402",2024,3,230,5,2.17
"330781402",2024,4,230,1,0.43
"330781402",2025,3,129,5,3.88
"330782582",2021,3,79,2,2.53
"330782582",2021,4,79,2,2.53
"330782582",2022,4,55,1,1.82
"330782582",2023,3,58,1,1.72
"330782582",2023,4,58,1,1.72
"330782582",2025,3,25,2,8
"330782582",2025,4,25,1,4
"330783648",2021,3,88,8,9.09
"330783648",2021,4,88,3,3.41
"330783648",2021,5,88,1,1.14
"330783648",2022,3,98,3,3.06
"330783648",2022,4,98,1,1.02
"330783648",2023,3,69,2,2.9
"330783648",2023,4,69,2,2.9
"330783648",2024,4,68,3,4.41
"330783648",2025,3,38,2,5.26
"330783648",2025,4,38,2,5.26
"340000033",2021,4,55,1,1.82
"340000033",2022,3,59,3,5.08
"340000033",2023,4,77,2,2.6
"340000033",2025,3,46,1,2.17
"340009885",2021,3,40,1,2.5
"340009885",2022,3,36,2,5.56
"340009885",2023,3,43,1,2.33
"340009885",2024,3,45,1,2.22
"340009885",2025,3,32,2,6.25
"340015502",2021,3,332,15,4.52
"340015502",2021,4,332,5,1.51
"340015502",2022,3,268,9,3.36
"340015502",2022,4,268,4,1.49
"340015502",2023,3,239,7,2.93
"340015502",2023,4,239,3,1.26
"340015502",2024,3,191,4,2.09
"340015502",2024,5,191,1,0.52
"340015502",2025,3,99,4,4.04
"340015965",2021,3,182,16,8.79
"340015965",2022,3,148,5,3.38
"340015965",2023,3,156,6,3.85
"340015965",2024,3,148,10,6.76
"340015965",2025,3,68,4,5.88
"340015965",2025,4,68,1,1.47
"340024314",2021,3,44,1,2.27
"340024314",2021,4,44,7,15.91
"340024314",2022,3,63,2,3.17
"340024314",2022,4,63,13,20.63
"340024314",2023,4,50,11,22
"340024314",2024,4,31,12,38.71
"340024314",2025,3,20,1,5
"340024314",2025,4,20,2,10
"340780667",2021,4,75,1,1.33
"340780667",2022,3,74,2,2.7
"340780667",2023,3,73,3,4.11
"340780667",2024,3,69,1,1.45
"340780667",2024,4,69,1,1.45
"340780675",2023,3,124,3,2.42
"340780741",2021,3,50,2,4
"340780741",2022,3,40,1,2.5
"340780741",2023,3,41,1,2.44
"340780741",2023,4,41,1,2.44
"340780741",2024,3,58,2,3.45
"340780741",2025,3,50,2,4
"340782036",2021,3,235,9,3.83
"340782036",2021,4,235,1,0.43
"340782036",2022,3,273,11,4.03
"340782036",2022,4,273,1,0.37
"340782036",2022,5,273,1,0.37
"340782036",2023,3,256,12,4.69
"340782036",2023,4,256,7,2.73
"340782036",2024,3,226,9,3.98
"340782036",2024,4,226,4,1.77
"340782036",2025,3,138,4,2.9
"340782036",2025,4,138,1,0.72
"350000121",2021,3,397,6,1.51
"350000121",2021,4,397,1,0.25
"350000121",2022,3,320,12,3.75
"350000121",2022,4,320,1,0.31
"350000121",2023,3,333,10,3
"350000121",2024,3,319,15,4.7
"350000121",2025,3,138,3,2.17
"350000121",2025,4,138,1,0.72
"350000139",2021,3,18,2,11.11
"350000139",2022,3,30,2,6.67
"350000139",2023,3,35,2,5.71
"350000139",2024,3,71,2,2.82
"350000147",2021,3,50,1,2
"350000147",2021,4,50,1,2
"350000147",2023,4,42,1,2.38
"350000147",2024,3,50,1,2
"350000741",2021,3,49,1,2.04
"350000741",2023,4,42,1,2.38
"350000741",2025,3,13,1,7.69
"370000093",2021,3,166,4,2.41
"370000093",2022,3,140,7,5
"370000093",2022,5,140,1,0.71
"370000093",2023,3,155,4,2.58
"370000093",2023,4,155,1,0.65
"370000093",2024,3,130,3,2.31
"370000093",2024,4,130,4,3.08
"370000093",2025,3,70,2,2.86
"370004467",2021,3,41,1,2.44
"370004467",2022,3,62,1,1.61
"370004467",2022,4,62,1,1.61
"370004467",2024,4,41,1,2.44
"370004467",2024,5,41,1,2.44
"370007569",2022,3,54,3,5.56
"370007569",2023,3,57,1,1.75
"370007569",2024,3,48,1,2.08
"380000067",2023,3,111,2,1.8
"380000067",2024,5,115,1,0.87
"380000174",2021,3,34,2,5.88
"380000174",2023,3,32,3,9.38
"380012658",2022,3,93,2,2.15
"380012658",2024,3,48,1,2.08
"380012658",2025,3,12,1,8.33
"380780197",2021,3,87,2,2.3
"380780197",2022,3,55,2,3.64
"380780197",2024,3,107,1,0.93
"380780197",2024,4,107,2,1.87
"380785956",2021,3,335,11,3.28
"380785956",2021,4,335,1,0.3
"380785956",2022,3,253,8,3.16
"380785956",2023,3,243,6,2.47
"380785956",2023,4,243,1,0.41
"380785956",2024,3,209,2,0.96
"380785956",2024,4,209,1,0.48
"380785956",2025,3,105,9,8.57
"380785956",2025,4,105,1,0.95
"400000105",2021,4,88,2,2.27
"400000105",2022,4,94,4,4.26
"400000105",2023,3,92,2,2.17
"400000105",2023,4,92,6,6.52
"400000105",2024,4,123,3,2.44
"400000105",2025,3,45,4,8.89
"400000105",2025,4,45,1,2.22
"410000020",2021,3,54,1,1.85
"410000020",2021,4,54,1,1.85
"410000020",2022,3,55,2,3.64
"410000020",2022,4,55,1,1.82
"410000020",2023,3,62,6,9.68
"410000020",2024,3,41,1,2.44
"410000020",2025,3,19,1,5.26
"420010050",2021,3,296,4,1.35
"420010050",2021,4,296,3,1.01
"420010050",2022,3,269,3,1.12
"420010050",2022,5,269,1,0.37
"420010050",2023,3,218,2,0.92
"420010050",2023,4,218,2,0.92
"420010050",2024,3,213,6,2.82
"420010050",2024,4,213,1,0.47
"420010050",2025,3,139,5,3.6
"420010050",2025,4,139,2,1.44
"420011413",2021,3,175,8,4.57
"420011413",2022,4,197,1,0.51
"420011413",2023,3,188,4,2.13
"420011413",2023,4,188,1,0.53
"420011413",2023,5,188,1,0.53
"420011413",2024,3,203,4,1.97
"420011413",2024,4,203,1,0.49
"420011413",2024,5,203,1,0.49
"420011413",2025,3,88,2,2.27
"420785354",2021,3,59,3,5.08
"420785354",2022,3,78,4,5.13
"420785354",2022,4,78,1,1.28
"420785354",2025,3,40,2,5
"430000117",2021,4,47,1,2.13
"430000117",2022,4,42,1,2.38
"430000117",2023,4,25,1,4
"430000117",2024,3,42,1,2.38
"430000117",2024,4,42,1,2.38
"430000117",2025,3,14,1,7.14
"440000271",2021,3,156,2,1.28
"440000271",2021,4,156,3,1.92
"440000271",2022,3,177,4,2.26
"440000271",2022,4,177,1,0.56
"440000271",2023,3,126,6,4.76
"440000271",2023,4,126,1,0.79
"440000271",2023,5,126,2,1.59
"440000271",2025,3,56,2,3.57
"440000271",2025,4,56,1,1.79
"440000412",2021,3,193,4,2.07
"440000412",2022,3,225,7,3.11
"440000412",2022,4,225,1,0.44
"440000412",2023,3,161,6,3.73
"440000412",2024,3,156,3,1.92
"440000412",2024,4,156,2,1.28
"440000412",2025,3,95,2,2.11
"440000412",2025,4,95,1,1.05
"440029338",2021,3,158,1,0.63
"440029338",2022,3,153,4,2.61
"440029338",2023,3,139,1,0.72
"440029338",2024,4,128,1,0.78
"440033819",2021,3,156,6,3.85
"440033819",2022,3,135,2,1.48
"440033819",2022,4,135,1,0.74
"440033819",2023,3,158,2,1.27
"440033819",2024,3,129,1,0.78
"440033819",2025,3,73,2,2.74
"440050433",2021,3,123,1,0.81
"440050433",2022,3,121,1,0.83
"440050433",2023,3,122,1,0.82
"440050433",2023,4,122,1,0.82
"440050433",2024,3,86,1,1.16
"440050433",2025,3,55,1,1.82
"450002613",2021,3,134,3,2.24
"450002613",2021,4,134,2,1.49
"450002613",2022,4,162,2,1.23
"450002613",2023,3,172,7,4.07
"450002613",2023,4,172,2,1.16
"450002613",2023,5,172,1,0.58
"450002613",2024,3,154,3,1.95
"450002613",2024,4,154,4,2.6
"450002613",2025,3,81,2,2.47
"450002613",2025,4,81,3,3.7
"450010079",2021,3,50,1,2
"450010079",2021,4,50,1,2
"450010079",2022,3,34,1,2.94
"450010079",2023,3,35,1,2.86
"450010079",2024,3,28,1,3.57
"460000045",2025,3,22,1,4.55
"470000027",2021,4,28,1,3.57
"470000027",2025,3,48,1,2.08
"470000423",2023,3,39,1,2.56
"470016049",2021,3,104,8,7.69
"470016049",2021,4,104,3,2.88
"470016049",2022,3,93,1,1.08
"470016049",2022,4,93,1,1.08
"470016049",2023,3,103,2,1.94
"470016049",2023,4,103,1,0.97
"470016049",2024,3,98,1,1.02
"470016049",2024,4,98,1,1.02
"470016049",2025,3,37,2,5.41
"490000049",2022,3,38,1,2.63
"490000049",2025,3,20,2,10
"490014909",2021,3,462,20,4.33
"490014909",2021,4,462,5,1.08
"490014909",2022,3,460,16,3.48
"490014909",2022,4,460,1,0.22
"490014909",2023,3,417,14,3.36
"490014909",2023,5,417,1,0.24
"490014909",2024,3,415,21,5.06
"490014909",2024,5,415,1,0.24
"490014909",2025,3,150,10,6.67
"500000146",2024,3,56,3,5.36
"500000146",2025,3,43,4,9.3
"500000203",2021,4,39,1,2.56
"500000203",2022,3,40,2,5
"500000203",2022,4,40,1,2.5
"500000203",2023,3,55,1,1.82
"500000203",2024,3,27,2,7.41
"500000450",2021,3,67,2,2.99
"500000450",2022,3,66,1,1.52
"500000450",2023,3,53,1,1.89
"500000450",2024,3,58,3,5.17
"500000450",2024,4,58,1,1.72
"500000450",2025,3,32,4,12.5
"500002357",2021,5,32,1,3.12
"500002357",2024,3,54,1,1.85
"510002447",2022,3,69,2,2.9
"510002447",2023,3,100,3,3
"510002447",2023,4,100,2,2
"510002447",2024,3,92,2,2.17
"510002447",2025,3,44,3,6.82
"510024979",2021,3,240,3,1.25
"510024979",2021,4,240,1,0.42
"510024979",2022,3,222,3,1.35
"510024979",2022,4,222,1,0.45
"510024979",2023,3,230,3,1.3
"510024979",2024,4,180,1,0.56
"510024979",2025,3,119,2,1.68
"510024979",2025,4,119,2,1.68
"540000478",2021,3,54,1,1.85
"540000478",2022,4,65,2,3.08
"540000478",2023,3,62,1,1.61
"540000478",2024,3,69,1,1.45
"540000478",2024,4,69,3,4.35
"540000486",2021,4,210,1,0.48
"540000486",2022,3,142,1,0.7
"540001096",2021,3,49,2,4.08
"540001096",2022,3,50,1,2
"540001096",2025,3,37,1,2.7
"540002698",2021,3,188,2,1.06
"540002698",2021,4,188,2,1.06
"540002698",2022,3,237,2,0.84
"540002698",2022,4,237,2,0.84
"540002698",2023,3,218,8,3.67
"540002698",2023,4,218,3,1.38
"540002698",2024,3,241,2,0.83
"540002698",2025,3,125,1,0.8
"540026895",2022,3,43,1,2.33
"540026895",2023,3,195,1,0.51
"540026895",2024,3,128,1,0.78
"540026895",2024,4,128,1,0.78
"560000127",2021,3,37,1,2.7
"560000127",2022,4,36,1,2.78
"560000127",2024,4,47,1,2.13
"560000127",2025,3,20,2,10
"560000135",2021,3,44,2,4.55
"560000135",2022,3,55,3,5.45
"560000135",2023,3,51,5,9.8
"560000135",2024,3,55,3,5.45
"560000135",2024,4,55,2,3.64
"560000135",2025,3,19,1,5.26
"560000143",2021,3,50,1,2
"560000143",2021,5,50,2,4
"560000143",2022,3,38,2,5.26
"560008799",2021,3,179,4,2.23
"560008799",2021,4,179,2,1.12
"560008799",2022,3,176,5,2.84
"560008799",2022,4,176,1,0.57
"560008799",2023,4,157,1,0.64
"560008799",2024,3,108,1,0.93
"570000059",2021,3,124,2,1.61
"570000059",2021,4,124,4,3.23
"570000059",2022,5,116,1,0.86
"570000059",2023,3,95,2,2.11
"570000059",2023,4,95,1,1.05
"570000059",2024,3,65,1,1.54
"570000059",2024,5,65,1,1.54
"570000059",2025,3,27,1,3.7
"570000083",2021,3,155,2,1.29
"570000083",2021,4,155,1,0.65
"570000083",2022,3,124,3,2.42
"570000083",2023,4,109,1,0.92
"570000083",2024,3,100,2,2
"570000083",2025,3,57,1,1.75
"570000356",2023,3,22,1,4.55
"570000356",2023,4,22,1,4.55
"570000646",2023,3,98,1,1.02
"570000646",2024,3,67,2,2.99
"570000646",2025,3,38,3,7.89
"570026252",2021,3,54,1,1.85
"570026252",2023,4,72,4,5.56
"570026252",2024,4,64,2,3.12
"570026252",2025,3,37,3,8.11
"570026682",2021,4,39,2,5.13
"570026682",2022,3,73,2,2.74
"570026682",2022,4,73,1,1.37
"570026682",2023,3,52,3,5.77
"570026682",2023,4,52,1,1.92
"570026682",2024,3,48,1,2.08
"590000337",2025,3,30,3,10
"590000428",2022,3,45,2,4.44
"590000428",2023,3,64,1,1.56
"590000428",2025,3,37,1,2.7
"590000592",2021,3,118,3,2.54
"590000592",2024,3,58,2,3.45
"590000592",2024,4,58,1,1.72
"590000618",2021,3,124,1,0.81
"590000618",2022,3,112,2,1.79
"590000618",2024,4,98,2,2.04
"590000618",2025,3,50,1,2
"590006896",2023,3,48,1,2.08
"590006896",2023,4,48,1,2.08
"590008041",2021,3,374,8,2.14
"590008041",2021,4,374,4,1.07
"590008041",2022,3,403,7,1.74
"590008041",2022,4,403,3,0.74
"590008041",2023,3,369,10,2.71
"590008041",2023,4,369,1,0.27
"590008041",2024,3,352,1,0.28
"590008041",2024,4,352,1,0.28
"590008041",2025,3,181,9,4.97
"590052056",2021,3,158,2,1.27
"590052056",2021,4,158,3,1.9
"590052056",2022,3,104,1,0.96
"590052056",2023,3,124,1,0.81
"590052056",2023,4,124,2,1.61
"590780268",2021,3,90,1,1.11
"590780268",2021,4,90,9,10
"590780268",2022,3,94,4,4.26
"590780268",2022,4,94,5,5.32
"590780268",2023,3,96,1,1.04
"590780268",2023,4,96,1,1.04
"590780268",2024,4,70,3,4.29
"590780268",2025,4,35,2,5.71
"590780284",2021,3,113,5,4.42
"590780284",2022,3,122,2,1.64
"590780284",2023,3,143,2,1.4
"590780284",2023,4,143,1,0.7
"590780284",2024,4,167,2,1.2
"590780284",2025,4,66,1,1.52
"590780383",2021,3,401,10,2.49
"590780383",2021,4,401,1,0.25
"590780383",2022,3,370,11,2.97
"590780383",2022,4,370,1,0.27
"590780383",2023,3,314,3,0.96
"590780383",2023,4,314,1,0.32
"590780383",2024,3,304,3,0.99
"590780383",2025,3,177,7,3.95
"590801106",2021,3,34,1,2.94
"590801106",2023,3,44,2,4.55
"590801106",2023,4,44,1,2.27
"590801106",2025,3,28,3,10.71
"590801106",2025,4,28,1,3.57
"590811279",2021,3,273,4,1.47
"590811279",2021,4,273,14,5.13
"590811279",2022,3,270,7,2.59
"590811279",2022,4,270,6,2.22
"590811279",2023,3,265,5,1.89
"590811279",2023,4,265,7,2.64
"590811279",2024,3,210,2,0.95
"590811279",2024,4,210,1,0.48
"590811279",2025,3,91,5,5.49
"590813507",2021,3,47,1,2.13
"590815056",2021,3,191,7,3.66
"590815056",2022,3,186,7,3.76
"590815056",2022,4,186,1,0.54
"590815056",2023,3,212,6,2.83
"590815056",2024,3,164,1,0.61
"590815056",2025,3,65,3,4.62
"590816310",2022,3,76,4,5.26
"590816310",2023,3,77,1,1.3
"590816310",2023,4,77,1,1.3
"590816310",2024,3,78,3,3.85
"590816310",2025,3,44,1,2.27
"590817458",2022,3,61,1,1.64
"590817458",2023,3,45,1,2.22
"590817458",2024,3,46,1,2.17
"590817458",2025,3,23,1,4.35
"600000467",2021,3,24,2,8.33
"600000467",2023,3,71,4,5.63
"600000467",2023,4,71,2,2.82
"600000467",2025,3,40,2,5
"600010862",2021,3,33,1,3.03
"600100754",2021,3,284,7,2.46
"600100754",2022,3,253,5,1.98
"600100754",2023,3,208,3,1.44
"600100754",2023,4,208,2,0.96
"600100754",2024,3,183,1,0.55
"600100754",2024,4,183,1,0.55
"600100754",2025,3,96,1,1.04
"600110175",2021,3,94,3,3.19
"600110175",2022,3,109,4,3.67
"600110175",2023,3,101,1,0.99
"600110175",2023,4,101,1,0.99
"600110175",2024,3,106,9,8.49
"600110175",2025,3,68,4,5.88
"600113476",2021,4,111,2,1.8
"600113476",2021,5,111,1,0.9
"600113476",2022,3,108,1,0.93
"600113476",2022,4,108,1,0.93
"600113476",2023,4,93,1,1.08
"600113476",2024,3,104,2,1.92
"600113476",2024,4,104,1,0.96
"610000069",2022,3,52,2,3.85
"610000069",2024,3,55,1,1.82
"610000069",2024,4,55,1,1.82
"610000119",2021,3,44,1,2.27
"610000119",2022,3,44,4,9.09
"610000119",2022,4,44,3,6.82
"610000119",2023,3,33,1,3.03
"610000119",2023,4,33,1,3.03
"610000119",2024,3,41,3,7.32
"610000119",2025,3,17,2,11.76
"620000653",2021,3,54,3,5.56
"620000653",2021,4,54,1,1.85
"620000653",2022,3,55,2,3.64
"620000653",2022,4,55,1,1.82
"620000653",2024,3,58,1,1.72
"620000653",2025,3,36,1,2.78
"620003202",2022,3,40,1,2.5
"620003202",2024,4,49,1,2.04
"620003376",2021,3,142,5,3.52
"620003376",2022,3,102,1,0.98
"620003376",2023,3,78,1,1.28
"620003376",2024,3,88,1,1.14
"620003376",2025,3,33,2,6.06
"620006049",2021,3,42,3,7.14
"620006049",2022,3,54,1,1.85
"620006049",2025,3,27,3,11.11
"620100099",2022,3,53,1,1.89
"620100099",2023,4,93,1,1.08
"620100099",2024,3,60,1,1.67
"620100099",2024,4,60,1,1.67
"620100750",2021,3,259,1,0.39
"620100750",2021,4,259,1,0.39
"620100750",2022,3,240,5,2.08
"620100750",2022,5,240,1,0.42
"620100750",2023,3,206,3,1.46
"620100750",2023,4,206,1,0.49
"620100750",2024,3,133,6,4.51
"620100750",2025,3,123,3,2.44
"620101311",2022,4,30,2,6.67
"620101311",2023,3,28,2,7.14
"620101311",2024,3,55,2,3.64
"620101311",2025,3,20,2,10
"620101501",2021,3,95,1,1.05
"620101501",2021,4,95,1,1.05
"620101501",2023,3,82,1,1.22
"620101501",2025,3,32,3,9.38
"620118513",2021,3,48,1,2.08
"620118513",2022,3,43,2,4.65
"620118513",2022,4,43,1,2.33
"620118513",2023,3,82,4,4.88
"620118513",2024,3,50,2,4
"630780211",2024,3,135,1,0.74
"630780211",2025,3,78,5,6.41
"630780369",2021,3,77,1,1.3
"630780369",2022,3,74,2,2.7
"630780369",2022,4,74,1,1.35
"630780369",2023,3,101,1,0.99
"630781268",2021,3,82,2,2.44
"630781268",2022,3,63,3,4.76
"630781268",2023,3,47,3,6.38
"630781268",2024,3,40,1,2.5
"630781839",2021,3,45,2,4.44
"630781839",2022,3,41,2,4.88
"630781839",2023,3,52,1,1.92
"630781839",2023,4,52,2,3.85
"630781839",2024,4,48,2,4.17
"630781839",2025,3,20,2,10
"640000162",2021,3,85,2,2.35
"640000162",2021,5,85,1,1.18
"640000162",2022,3,87,3,3.45
"640000162",2022,4,87,2,2.3
"640000162",2023,3,85,2,2.35
"640000162",2025,3,26,1,3.85
"640000600",2021,3,39,1,2.56
"640000600",2024,3,39,1,2.56
"640000600",2025,3,13,1,7.69
"640018206",2021,3,97,1,1.03
"640018206",2021,4,97,1,1.03
"640018206",2022,3,91,3,3.3
"640018206",2023,3,89,5,5.62
"640018206",2024,3,99,3,3.03
"640018206",2025,3,41,3,7.32
"640780946",2021,3,140,2,1.43
"640780946",2022,3,144,6,4.17
"640780946",2022,5,144,1,0.69
"640780946",2023,3,214,1,0.47
"640780946",2023,4,214,1,0.47
"640780946",2024,3,197,3,1.52
"640780946",2024,4,197,1,0.51
"640780946",2025,3,63,5,7.94
"640780946",2025,4,63,1,1.59
"660000084",2021,3,25,4,16
"660000084",2022,3,38,1,2.63
"660000084",2022,4,38,1,2.63
"660006305",2021,4,60,1,1.67
"660006305",2022,3,72,2,2.78
"660780669",2021,3,148,5,3.38
"660780669",2022,3,122,4,3.28
"660780669",2023,3,132,2,1.52
"660780669",2024,3,143,2,1.4
"660780784",2021,3,144,3,2.08
"660780784",2022,3,132,2,1.52
"660780784",2022,4,132,1,0.76
"660780784",2023,3,73,2,2.74
"660780784",2024,3,60,1,1.67
"660780784",2025,3,15,1,6.67
"670000025",2022,3,167,1,0.6
"670000025",2023,3,211,2,0.95
"670000025",2023,4,211,2,0.95
"670000025",2025,3,91,4,4.4
"670000165",2021,3,64,1,1.56
"670000165",2022,3,57,1,1.75
"670000165",2024,4,47,1,2.13
"670000165",2025,4,27,1,3.7
"670018068",2021,3,299,5,1.67
"670018068",2022,3,281,6,2.14
"670018068",2023,3,279,6,2.15
"670018068",2023,4,279,1,0.36
"670018068",2024,3,283,2,0.71
"670018068",2025,3,147,2,1.36
"670780170",2021,3,159,7,4.4
"670780170",2022,3,150,6,4
"670780170",2023,3,164,6,3.66
"670780170",2023,4,164,1,0.61
"670780170",2025,3,116,1,0.86
"670780212",2021,3,124,6,4.84
"670780212",2022,3,115,3,2.61
"670780212",2023,3,102,4,3.92
"670780212",2024,3,82,1,1.22
"670780212",2025,3,57,1,1.75
"670780212",2025,4,57,1,1.75
"670780212",2025,5,57,1,1.75
"670780378",2021,3,41,3,7.32
"670780378",2022,3,58,4,6.9
"670780378",2022,4,58,1,1.72
"670780378",2023,3,61,3,4.92
"670780378",2024,3,41,2,4.88
"670780386",2021,3,23,2,8.7
"670780386",2022,3,29,1,3.45
"670780386",2023,3,30,2,6.67
"670780386",2024,3,26,1,3.85
"670783273",2021,4,37,1,2.7
"670783273",2024,3,11,2,18.18
"680000494",2021,3,393,3,0.76
"680000494",2022,3,321,3,0.93
"680000494",2022,4,321,1,0.31
"680000494",2023,3,300,2,0.67
"680000494",2023,4,300,1,0.33
"680000494",2025,3,129,2,1.55
"680000684",2021,3,140,2,1.43
"680000684",2022,3,149,2,1.34
"680000684",2022,4,149,1,0.67
"680000684",2023,3,151,2,1.32
"680000684",2024,3,184,1,0.54
"680000684",2024,4,184,1,0.54
"680000684",2025,3,98,2,2.04
"680004546",2022,4,43,1,2.33
"680004546",2023,3,48,1,2.08
"680004546",2023,4,48,1,2.08
"680004546",2024,3,54,1,1.85
"690000575",2021,3,110,5,4.55
"690000575",2021,4,110,2,1.82
"690000575",2024,4,63,1,1.59
"690000575",2024,5,63,1,1.59
"690022959",2022,3,54,1,1.85
"690022959",2023,3,51,1,1.96
"690022959",2023,4,51,1,1.96
"690022959",2024,3,51,2,3.92
"690022959",2025,3,37,6,16.22
"690023239",2021,3,503,4,0.8
"690023239",2022,3,349,2,0.57
"690023239",2022,4,349,1,0.29
"690023239",2023,3,343,3,0.87
"690023239",2023,4,343,1,0.29
"690023239",2024,3,320,1,0.31
"690023239",2025,3,169,3,1.78
"690023411",2021,3,149,10,6.71
"690023411",2022,3,83,3,3.61
"690023411",2022,4,83,1,1.2
"690023411",2023,3,87,4,4.6
"690023411",2024,3,61,3,4.92
"690041124",2021,3,94,1,1.06
"690041124",2022,3,86,3,3.49
"690041124",2023,3,79,4,5.06
"690041124",2024,3,82,2,2.44
"690041124",2025,3,39,2,5.13
"690041124",2025,4,39,1,2.56
"690054713",2024,3,57,4,7.02
"690054713",2025,3,24,1,4.17
"690780390",2021,3,220,6,2.73
"690780390",2022,3,166,2,1.2
"690780390",2023,3,111,1,0.9
"690780390",2024,3,46,1,2.17
"690780390",2025,3,6,1,16.67
"690780416",2021,3,95,4,4.21
"690780416",2022,3,53,1,1.89
"690780416",2023,3,61,1,1.64
"690780648",2021,3,978,11,1.12
"690780648",2022,3,794,8,1.01
"690780648",2022,4,794,1,0.13
"690780648",2023,3,749,4,0.53
"690780648",2024,3,663,5,0.75
"690780648",2025,3,328,5,1.52
"690780648",2025,4,328,1,0.3
"690780655",2021,3,272,5,1.84
"690780655",2022,3,312,16,5.13
"690780655",2023,3,297,10,3.37
"690780655",2023,4,297,2,0.67
"690780655",2024,3,255,7,2.75
"690780655",2024,4,255,1,0.39
"690780655",2025,3,131,2,1.53
"690783154",2021,3,173,1,0.58
"690783154",2021,4,173,2,1.16
"690783154",2022,3,124,3,2.42
"690783154",2022,4,124,1,0.81
"690783154",2023,3,133,1,0.75
"690783154",2023,4,133,1,0.75
"690783154",2024,4,104,3,2.88
"690783154",2025,3,57,1,1.75
"690793468",2021,4,122,2,1.64
"690793468",2022,3,113,3,2.65
"690793468",2023,3,102,2,1.96
"690793468",2023,4,102,1,0.98
"690793468",2024,3,85,3,3.53
"690793468",2024,4,85,1,1.18
"690793468",2025,3,56,1,1.79
"690805361",2022,3,41,2,4.88
"690805361",2022,4,41,1,2.44
"690805361",2023,3,43,2,4.65
"690807367",2021,3,58,5,8.62
"690807367",2022,3,42,3,7.14
"690807367",2023,3,50,5,10
"690807367",2023,4,50,1,2
"690807367",2024,3,39,1,2.56
"710006859",2021,3,92,1,1.09
"710006859",2022,3,65,3,4.62
"710780917",2021,3,105,1,0.95
"710780917",2024,3,78,1,1.28
"710978263",2021,3,49,2,4.08
"710978263",2022,3,69,3,4.35
"710978263",2024,3,55,1,1.82
"710978263",2024,4,55,1,1.82
"710978263",2025,3,31,8,25.81
"710978289",2021,3,66,3,4.55
"710978289",2021,4,66,3,4.55
"710978289",2023,3,57,4,7.02
"710978289",2024,3,67,2,2.99
"710978289",2025,3,43,2,4.65
"720000199",2021,3,82,1,1.22
"720000199",2022,3,85,3,3.53
"720000199",2022,5,85,1,1.18
"720000199",2023,3,73,3,4.11
"720000199",2024,3,69,1,1.45
"720000199",2025,3,41,2,4.88
"720017748",2021,3,53,1,1.89
"720017748",2022,3,40,1,2.5
"720017748",2023,3,47,1,2.13
"720017748",2024,3,47,1,2.13
"720017748",2024,5,47,1,2.13
"720017748",2025,3,14,1,7.14
"730000031",2021,3,60,1,1.67
"730000031",2022,3,66,1,1.52
"730000031",2022,4,66,1,1.52
"730000031",2024,3,79,1,1.27
"730000031",2024,5,79,1,1.27
"730000031",2025,3,31,2,6.45
"730004298",2021,3,53,1,1.89
"730004298",2021,4,53,1,1.89
"730004298",2023,3,36,1,2.78
"730004298",2024,3,27,1,3.7
"740014345",2021,3,109,2,1.83
"740014345",2022,3,101,1,0.99
"740014345",2023,3,82,3,3.66
"740014345",2024,3,92,5,5.43
"740014345",2024,4,92,1,1.09
"740014345",2025,3,32,1,3.12
"740780424",2021,3,116,2,1.72
"740780424",2022,3,104,2,1.92
"740780424",2023,3,85,1,1.18
"740780424",2024,3,76,3,3.95
"740780424",2025,3,47,1,2.13
"740781141",2021,3,135,2,1.48
"740781141",2022,3,147,4,2.72
"740781141",2022,5,147,1,0.68
"740781141",2023,3,152,3,1.97
"740781141",2024,3,169,5,2.96
"740781141",2024,4,169,2,1.18
"740781141",2025,3,72,2,2.78
"740781141",2025,4,72,1,1.39
"750000523",2021,3,86,5,5.81
"750000523",2021,4,86,1,1.16
"750000523",2022,3,74,5,6.76
"750000523",2022,4,74,1,1.35
"750000523",2023,3,51,5,9.8
"750000523",2024,4,34,1,2.94
"750000523",2025,3,27,1,3.7
"750100125",2021,4,130,2,1.54
"750100125",2022,4,124,2,1.61
"750100125",2023,3,112,1,0.89
"750100125",2023,4,112,2,1.79
"750100125",2024,3,95,2,2.11
"750100125",2024,4,95,1,1.05
"750100125",2025,3,52,2,3.85
"750100232",2021,3,180,2,1.11
"750100232",2021,4,180,1,0.56
"750100232",2022,3,210,4,1.9
"750100232",2022,4,210,3,1.43
"750100232",2022,5,210,1,0.48
"750100232",2023,3,206,5,2.43
"750100232",2023,4,206,1,0.49
"750100232",2024,3,180,3,1.67
"750100232",2024,4,180,1,0.56
"750100232",2025,4,114,6,5.26
"750150104",2021,3,158,5,3.16
"750150104",2021,4,158,1,0.63
"750150104",2022,3,150,2,1.33
"750150104",2022,4,150,2,1.33
"750150104",2023,3,139,1,0.72
"750150104",2023,4,139,1,0.72
"750150104",2024,3,75,1,1.33
"750150237",2021,3,68,4,5.88
"750150237",2022,3,69,1,1.45
"750150237",2022,4,69,2,2.9
"750150237",2023,3,82,3,3.66
"750150237",2023,4,82,1,1.22
"750150237",2024,3,110,8,7.27
"750150237",2024,4,110,7,6.36
"750150237",2025,4,51,2,3.92
"750300071",2021,3,318,3,0.94
"750300071",2021,4,318,12,3.77
"750300071",2022,4,223,7,3.14
"750300071",2023,3,223,1,0.45
"750300071",2023,4,223,8,3.59
"750300071",2024,3,210,1,0.48
"750300071",2024,4,210,10,4.76
"750300071",2025,3,126,2,1.59
"750300071",2025,4,126,3,2.38
"750300154",2021,3,302,6,1.99
"750300154",2022,3,218,4,1.83
"750300154",2022,4,218,2,0.92
"750300154",2022,5,218,1,0.46
"750300154",2023,3,132,3,2.27
"750300154",2023,4,132,1,0.76
"750300154",2024,3,131,2,1.53
"750300154",2025,3,57,1,1.75
"750300360",2021,3,212,4,1.89
"750300360",2021,4,212,2,0.94
"750300360",2022,3,213,2,0.94
"750300360",2023,3,182,3,1.65
"750300360",2024,3,142,2,1.41
"750300360",2025,3,99,3,3.03
"750300766",2021,3,94,1,1.06
"750300766",2022,3,93,2,2.15
"750300766",2023,3,81,4,4.94
"750300766",2023,4,81,1,1.23
"750300766",2024,3,144,2,1.39
"750300766",2025,3,103,1,0.97
"750300881",2021,3,226,2,0.88
"750300881",2022,3,208,2,0.96
"750300915",2021,3,236,5,2.12
"750300915",2021,4,236,1,0.42
"750300915",2022,3,14,1,7.14
"750300915",2023,3,173,2,1.16
"750300915",2023,4,173,1,0.58
"750300915",2024,3,92,1,1.09
"750300915",2025,3,39,1,2.56
"750301145",2021,3,201,10,4.98
"750301145",2021,4,201,1,0.5
"750301145",2022,3,173,6,3.47
"750301145",2022,4,173,1,0.58
"750301145",2023,3,138,4,2.9
"750301145",2023,4,138,1,0.72
"750301145",2024,3,154,5,3.25
"750301145",2025,3,91,1,1.1
"750803447",2021,3,139,3,2.16
"750803447",2021,4,139,1,0.72
"750803447",2022,4,107,2,1.87
"750803447",2023,3,108,5,4.63
"750803447",2025,3,66,3,4.55
"760000018",2021,3,34,1,2.94
"760000018",2021,4,34,1,2.94
"760000018",2022,3,41,2,4.88
"760000018",2024,3,55,2,3.64
"760000158",2021,3,149,4,2.68
"760000158",2021,4,149,2,1.34
"760000158",2023,4,101,1,0.99
"760000158",2024,4,95,1,1.05
"760000158",2025,4,56,4,7.14
"760000463",2022,4,66,1,1.52
"760000463",2023,3,57,1,1.75
"760000463",2023,4,57,2,3.51
"760000463",2024,3,74,1,1.35
"760000463",2025,4,33,1,3.03
"760021329",2021,3,226,8,3.54
"760021329",2022,3,212,7,3.3
"760021329",2022,4,212,1,0.47
"760021329",2023,3,219,6,2.74
"760021329",2024,3,229,5,2.18
"760021329",2025,3,111,1,0.9
"760025312",2021,3,148,3,2.03
"760025312",2022,4,118,1,0.85
"760025312",2023,3,102,2,1.96
"760025312",2025,3,54,2,3.7
"760027292",2021,3,69,2,2.9
"760027292",2021,4,69,1,1.45
"760780510",2021,3,52,1,1.92
"760780510",2022,3,52,3,5.77
"760780510",2024,3,35,1,2.86
"760780510",2025,3,33,1,3.03
"760780619",2021,3,111,6,5.41
"760780619",2022,3,87,6,6.9
"760780619",2023,3,93,2,2.15
"760780619",2024,3,93,3,3.23
"760780619",2025,3,36,3,8.33
"760780825",2022,3,38,1,2.63
"760805770",2021,3,33,1,3.03
"760805770",2022,3,45,3,6.67
"760805770",2023,3,47,1,2.13
"760805770",2023,4,47,1,2.13
"760805770",2024,3,45,1,2.22
"760921809",2021,3,222,2,0.9
"760921809",2022,3,210,4,1.9
"760921809",2022,4,210,1,0.48
"760921809",2023,3,164,5,3.05
"760921809",2024,3,169,2,1.18
"760921809",2025,3,110,1,0.91
"770000156",2021,4,27,1,3.7
"770000156",2022,3,28,1,3.57
"770000156",2023,4,29,2,6.9
"770000164",2021,4,51,1,1.96
"770000446",2021,3,42,1,2.38
"770000446",2022,4,49,2,4.08
"770000446",2023,3,58,1,1.72
"770000446",2024,3,46,3,6.52
"770019032",2021,3,69,3,4.35
"770019032",2022,3,76,3,3.95
"770019032",2023,3,59,2,3.39
"770019032",2024,3,79,4,5.06
"770019032",2024,4,79,3,3.8
"770019032",2025,3,36,2,5.56
"770300135",2021,3,38,2,5.26
"770300135",2023,3,55,2,3.64
"770300135",2024,3,66,3,4.55
"770300135",2025,3,38,3,7.89
"770300143",2022,3,146,6,4.11
"770300143",2023,3,110,1,0.91
"770300143",2024,3,100,3,3
"770300143",2024,5,100,1,1
"770300143",2025,3,44,1,2.27
"780000287",2021,3,76,1,1.32
"780000287",2022,3,61,4,6.56
"780000287",2024,3,65,1,1.54
"780000311",2021,3,237,1,0.42
"780000311",2021,4,237,1,0.42
"780000311",2022,3,78,2,2.56
"780000311",2024,4,67,1,1.49
"780000311",2025,3,33,4,12.12
"780300208",2023,3,152,1,0.66
"780300323",2021,3,81,5,6.17
"780300323",2023,4,23,1,4.35
"780300414",2021,3,386,9,2.33
"780300414",2021,4,386,2,0.52
"780300414",2022,3,392,10,2.55
"780300414",2022,4,392,2,0.51
"780300414",2023,3,275,6,2.18
"780300414",2023,4,275,4,1.45
"780300414",2024,3,228,5,2.19
"780300414",2024,4,228,1,0.44
"780300414",2025,3,128,3,2.34
"780300414",2025,4,128,1,0.78
"780300422",2021,3,61,1,1.64
"780300422",2022,3,48,3,6.25
"780300422",2022,4,48,1,2.08
"780300422",2023,3,42,1,2.38
"780300422",2024,3,45,1,2.22
"780300422",2024,4,45,1,2.22
"790009948",2021,3,61,2,3.28
"790009948",2021,4,61,3,4.92
"790009948",2023,3,70,1,1.43
"790009948",2023,4,70,1,1.43
"790009948",2024,3,76,1,1.32
"800002503",2022,3,29,1,3.45
"800002503",2024,3,52,2,3.85
"800002503",2025,3,34,1,2.94
"800006124",2021,3,141,1,0.71
"800006124",2021,4,141,1,0.71
"800006124",2022,3,137,2,1.46
"800006124",2023,3,130,1,0.77
"800006124",2024,4,103,1,0.97
"800006124",2025,3,48,2,4.17
"800006124",2025,4,48,1,2.08
"800009466",2022,3,34,1,2.94
"800009466",2023,3,48,2,4.17
"800009466",2024,3,49,1,2.04
"800009920",2021,3,104,3,2.88
"800009920",2022,3,117,1,0.85
"800009920",2023,3,93,3,3.23
"800009920",2024,3,90,4,4.44
"800009920",2024,4,90,1,1.11
"800009920",2025,3,51,2,3.92
"810101170",2021,3,120,6,5
"810101170",2021,4,120,2,1.67
"810101170",2022,3,101,3,2.97
"810101170",2023,3,105,5,4.76
"810101170",2024,3,104,4,3.85
"810101170",2024,4,104,1,0.96
"810101170",2025,3,54,2,3.7
"810101444",2021,3,110,1,0.91
"810101444",2022,3,107,3,2.8
"810101444",2023,3,93,1,1.08
"810101444",2024,3,80,4,5
"810101444",2024,4,80,1,1.25
"820000040",2022,3,55,1,1.82
"820000040",2022,4,55,1,1.82
"820000040",2023,3,32,1,3.12
"820000040",2025,3,14,1,7.14
"830000311",2021,3,86,2,2.33
"830000311",2022,3,52,1,1.92
"830000311",2023,3,45,1,2.22
"830000345",2021,3,106,3,2.83
"830000345",2022,3,93,2,2.15
"830000345",2022,4,93,2,2.15
"830000345",2022,5,93,1,1.08
"830000345",2023,4,100,2,2
"830000345",2025,3,46,1,2.17
"830100251",2021,3,96,4,4.17
"830100251",2021,4,96,1,1.04
"830100251",2022,3,78,5,6.41
"830100251",2023,3,73,3,4.11
"830100251",2023,4,73,1,1.37
"830100251",2024,3,124,3,2.42
"830100251",2024,4,124,1,0.81
"830100251",2025,3,80,2,2.5
"830100434",2021,3,155,8,5.16
"830100434",2021,4,155,1,0.65
"830100434",2022,3,114,3,2.63
"830100434",2022,4,114,1,0.88
"830100434",2023,3,85,5,5.88
"830100434",2023,4,85,1,1.18
"830100434",2024,3,81,1,1.23
"830100434",2024,4,81,1,1.23
"830100459",2021,3,394,14,3.55
"830100459",2022,3,312,6,1.92
"830100459",2022,4,312,3,0.96
"830100459",2023,3,305,2,0.66
"830100459",2023,4,305,3,0.98
"830100459",2024,3,218,5,2.29
"830100459",2025,3,123,3,2.44
"830100459",2025,4,123,3,2.44
"840000400",2021,3,251,6,2.39
"840000400",2021,4,251,1,0.4
"840000400",2021,5,251,1,0.4
"840000400",2022,3,202,4,1.98
"840000400",2023,3,204,9,4.41
"840000418",2025,3,94,1,1.06
"840000467",2021,3,89,1,1.12
"840000467",2022,3,75,2,2.67
"840000467",2024,3,70,1,1.43
"840000467",2025,3,46,1,2.17
"850000118",2022,3,25,1,4
"850000118",2023,3,42,1,2.38
"850000118",2023,5,42,1,2.38
"850000118",2024,3,35,4,11.43
"850000118",2025,3,35,3,8.57
"850000142",2021,3,72,1,1.39
"850000142",2021,4,72,2,2.78
"850000142",2022,3,61,1,1.64
"850000142",2022,4,61,2,3.28
"850000142",2024,3,67,1,1.49
"850000142",2024,4,67,1,1.49
"850000142",2025,3,34,1,2.94
"860000223",2021,3,261,13,4.98
"860000223",2021,4,261,4,1.53
"860000223",2022,3,201,9,4.48
"860000223",2022,4,201,2,1
"860000223",2023,3,187,8,4.28
"860000223",2023,4,187,2,1.07
"860000223",2023,5,187,2,1.07
"860000223",2024,3,159,6,3.77
"860000223",2024,4,159,3,1.89
"860000223",2025,3,87,3,3.45
"860000223",2025,4,87,2,2.3
"860000223",2025,5,87,1,1.15
"860010321",2021,3,30,1,3.33
"860010321",2023,3,30,1,3.33
"860010321",2024,3,28,1,3.57
"860010321",2025,3,17,1,5.88
"870000064",2022,3,49,1,2.04
"870000064",2022,4,49,1,2.04
"870000064",2023,4,51,1,1.96
"870000064",2024,4,42,1,2.38
"870000064",2025,3,25,1,4
"870000064",2025,4,25,1,4
"870000288",2021,3,248,3,1.21
"870000288",2022,3,243,3,1.23
"870000288",2023,3,216,1,0.46
"870000288",2024,3,216,2,0.93
"890000169",2021,3,178,2,1.12
"890000169",2021,4,178,1,0.56
"890000169",2022,3,163,3,1.84
"890000169",2023,3,182,6,3.3
"890000169",2024,3,153,1,0.65
"890000169",2024,4,153,1,0.65
"890000169",2025,3,141,1,0.71
"890975550",2021,3,200,2,1
"890975550",2022,4,164,1,0.61
"890975550",2023,3,136,3,2.21
"890975550",2023,4,136,1,0.74
"890975550",2024,3,146,2,1.37
"890975550",2024,4,146,1,0.68
"900000035",2021,3,85,2,2.35
"900003039",2021,3,94,3,3.19
"900003039",2021,4,94,1,1.06
"900003039",2022,3,109,1,0.92
"900003039",2023,3,141,1,0.71
"900003039",2023,4,141,2,1.42
"900003039",2024,3,133,2,1.5
"900003039",2024,4,133,1,0.75
"900003039",2025,3,68,2,2.94
"900003039",2025,4,68,3,4.41
"910000306",2021,3,30,2,6.67
"910000306",2021,4,30,6,20
"910000306",2022,3,28,3,10.71
"910000306",2022,4,28,1,3.57
"910000306",2023,3,43,1,2.33
"910000306",2023,4,43,2,4.65
"910020254",2021,4,60,2,3.33
"910020254",2022,3,48,2,4.17
"910020254",2022,4,48,1,2.08
"910020254",2023,3,48,1,2.08
"910020254",2024,4,40,1,2.5
"910300011",2021,3,46,1,2.17
"910300011",2022,3,48,1,2.08
"910300144",2021,3,169,6,3.55
"910300144",2022,3,187,9,4.81
"910300144",2023,3,151,7,4.64
"910300144",2024,3,125,3,2.4
"910300144",2025,3,78,2,2.56
"910300177",2021,3,248,7,2.82
"910300177",2021,4,248,1,0.4
"910300177",2022,3,234,7,2.99
"910300177",2022,4,234,1,0.43
"910300177",2023,3,202,4,1.98
"910300177",2024,3,130,2,1.54
"910300177",2025,3,96,4,4.17
"910300300",2021,4,48,1,2.08
"910300300",2023,3,49,1,2.04
"910300300",2023,4,49,2,4.08
"910300300",2024,4,50,2,4
"910300300",2025,4,14,1,7.14
"910803543",2021,3,140,4,2.86
"910803543",2021,4,140,1,0.71
"910803543",2022,3,194,7,3.61
"910803543",2023,3,152,4,2.63
"910803543",2023,4,152,1,0.66
"910803543",2024,3,157,1,0.64
"910803543",2024,4,157,1,0.64
"910803543",2025,3,100,3,3
"910803543",2025,4,100,1,1
"920000643",2021,3,24,1,4.17
"920000643",2025,3,32,3,9.38
"920000650",2022,3,42,3,7.14
"920000650",2023,3,37,2,5.41
"920000650",2024,3,48,1,2.08
"920000650",2025,3,16,1,6.25
"920029550",2023,3,184,4,2.17
"920029550",2024,3,177,3,1.69
"920029550",2025,3,53,1,1.89
"920100013",2021,3,104,2,1.92
"920100013",2021,4,104,1,0.96
"920100013",2022,3,94,3,3.19
"920100013",2022,4,94,1,1.06
"920100013",2023,3,70,2,2.86
"920100013",2023,4,70,1,1.43
"920100013",2024,4,68,2,2.94
"920100013",2025,3,35,3,8.57
"920100021",2021,3,378,9,2.38
"920100021",2021,4,378,7,1.85
"920100021",2022,3,378,8,2.12
"920100021",2022,4,378,11,2.91
"920100021",2023,3,311,9,2.89
"920100021",2023,4,311,15,4.82
"920100021",2024,3,285,4,1.4
"920100021",2024,4,285,17,5.96
"920100021",2025,3,154,2,1.3
"920100021",2025,4,154,5,3.25
"920100047",2021,3,66,4,6.06
"920100047",2022,3,72,1,1.39
"920100047",2023,3,64,1,1.56
"920100047",2025,3,21,2,9.52
"920100047",2025,4,21,3,14.29
"920300753",2021,3,99,1,1.01
"920300753",2022,3,107,1,0.93
"930000286",2021,3,65,4,6.15
"930000286",2022,3,58,3,5.17
"930000286",2023,3,61,1,1.64
"930000286",2024,3,44,4,9.09
"930000286",2024,4,44,2,4.55
"930000328",2021,3,108,2,1.85
"930000328",2024,3,110,1,0.91
"930000328",2024,4,110,1,0.91
"930000328",2025,3,54,1,1.85
"930000328",2025,4,54,1,1.85
"930100037",2021,3,77,3,3.9
"930100037",2021,4,77,3,3.9
"930100037",2022,3,154,2,1.3
"930100037",2022,4,154,2,1.3
"930100037",2023,3,121,3,2.48
"930100037",2023,4,121,2,1.65
"930100037",2024,3,140,6,4.29
"930100037",2024,4,140,3,2.14
"930100037",2025,3,59,5,8.47
"930100037",2025,4,59,1,1.69
"930300025",2021,3,169,8,4.73
"930300025",2021,4,169,7,4.14
"930300025",2022,3,140,4,2.86
"930300025",2022,4,140,8,5.71
"930300025",2023,3,119,1,0.84
"930300025",2023,4,119,8,6.72
"930300025",2024,3,107,1,0.93
"930300025",2024,4,107,1,0.93
"930300025",2025,3,40,1,2.5
"930300082",2021,4,65,2,3.08
"930300082",2023,3,38,3,7.89
"930300082",2023,4,38,1,2.63
"930300082",2024,3,48,1,2.08
"930300082",2025,3,24,1,4.17
"930300116",2021,3,112,2,1.79
"930300116",2022,3,104,2,1.92
"930300116",2023,3,82,1,1.22
"930300116",2024,3,62,1,1.61
"930300116",2025,3,33,3,9.09
"930300298",2021,3,81,2,2.47
"930300298",2022,3,84,3,3.57
"930300298",2022,4,84,1,1.19
"930300553",2021,3,145,3,2.07
"930300553",2021,4,145,3,2.07
"930300553",2022,3,117,3,2.56
"930300553",2023,3,109,2,1.83
"930300553",2024,3,74,1,1.35
"930300587",2021,3,39,1,2.56
"930300587",2023,3,41,1,2.44
"930300587",2024,3,38,1,2.63
"930300587",2025,3,31,2,6.45
"930300595",2021,4,117,1,0.85
"930300595",2022,4,124,2,1.61
"930300595",2023,3,111,2,1.8
"930300595",2023,4,111,3,2.7
"930300595",2024,3,87,3,3.45
"930300595",2025,3,50,4,8
"940000573",2021,3,223,8,3.59
"940000573",2022,3,186,6,3.23
"940000573",2022,4,186,5,2.69
"940000573",2022,5,186,1,0.54
"940000573",2023,3,159,9,5.66
"940000573",2024,3,170,1,0.59
"940000573",2024,4,170,3,1.76
"940000573",2025,3,107,6,5.61
"940000573",2025,4,107,1,0.93
"940006679",2021,3,97,2,2.06
"940006679",2022,3,135,7,5.19
"940006679",2023,3,150,2,1.33
"940006679",2023,4,150,1,0.67
"940006679",2024,3,178,4,2.25
"940006679",2024,4,178,1,0.56
"940006679",2025,3,97,1,1.03
"940006679",2025,4,97,1,1.03
"940300494",2021,3,102,5,4.9
"940300494",2022,3,75,4,5.33
"940300494",2023,3,69,3,4.35
"940300494",2024,3,67,3,4.48
"940300494",2025,3,28,1,3.57
"940813033",2021,3,224,5,2.23
"940813033",2021,4,224,1,0.45
"940813033",2022,5,173,1,0.58
"940813033",2023,3,189,2,1.06
"940813033",2024,3,161,2,1.24
"940813033",2024,4,161,1,0.62
"940813033",2025,3,82,3,3.66
"950000307",2022,3,41,1,2.44
"950000307",2022,4,41,1,2.44
"950000307",2023,3,36,1,2.78
"950000307",2024,3,68,4,5.88
"950000323",2022,4,61,1,1.64
"950000323",2023,3,49,1,2.04
"950000323",2024,3,47,1,2.13
"950000331",2021,3,75,2,2.67
"950000331",2022,3,60,1,1.67
"950000331",2022,4,60,1,1.67
"950000331",2023,3,67,2,2.99
"950000331",2025,3,28,1,3.57
"950000364",2021,3,100,3,3
"950000364",2022,3,116,5,4.31
"950000364",2022,4,116,1,0.86
"950000364",2023,3,113,3,2.65
"950000364",2024,4,88,3,3.41
"950300202",2022,3,103,2,1.94
"950300202",2023,3,75,2,2.67
"950300202",2024,3,38,1,2.63
"950300202",2025,3,30,2,6.67
"950300244",2021,3,168,3,1.79
"950300244",2022,3,188,6,3.19
"950300244",2022,4,188,1,0.53
"950300244",2023,3,197,5,2.54
"950300244",2024,3,157,2,1.27
"950300244",2025,3,92,4,4.35
"950300244",2025,4,92,1,1.09
"950300277",2021,3,75,2,2.67
"950300277",2022,3,72,1,1.39
"950300277",2022,5,72,1,1.39
"950300277",2023,3,45,3,6.67
"950300277",2023,4,45,2,4.44
"950300277",2024,3,30,1,3.33
"950300277",2025,3,34,2,5.88
"950807982",2021,3,191,4,2.09
"950807982",2022,3,182,5,2.75
"950807982",2023,3,174,2,1.15
"950807982",2024,3,155,1,0.65
"950807982",2025,3,77,2,2.6
"970100392",2021,4,37,1,2.7
"970100392",2022,3,38,1,2.63
"970100392",2022,4,38,1,2.63
"970100392",2025,3,14,1,7.14
"970107249",2021,3,160,5,3.12
"970107249",2022,3,202,5,2.48
"970107249",2023,3,217,3,1.38
"970107249",2024,3,157,5,3.18
"970107249",2025,3,58,4,6.9
"970202313",2021,3,88,1,1.14
"970202313",2022,5,80,1,1.25
"970202313",2023,3,91,1,1.1
"970202313",2024,3,81,1,1.23
"970400024",2021,3,51,2,3.92
"970400024",2022,3,103,3,2.91
"970400024",2023,3,128,3,2.34
"970400024",2023,4,128,2,1.56
"970400024",2024,3,86,1,1.16
"970400024",2024,4,86,2,2.33
"970400024",2025,3,40,5,12.5
"970400057",2021,3,43,1,2.33
"970400057",2021,4,43,2,4.65
"970400065",2021,3,31,2,6.45
"970400065",2022,3,53,3,5.66
"970400065",2023,3,49,2,4.08
"970400065",2023,4,49,1,2.04
"970400065",2025,4,21,1,4.76
"970462081",2021,3,137,4,2.92
"970462081",2021,4,137,2,1.46
"970462081",2022,3,149,3,2.01
"970462081",2023,3,154,7,4.55
"970462081",2024,3,173,1,0.58
"970462081",2025,3,63,3,4.76
"970462081",2025,5,63,1,1.59
"970462107",2021,3,145,3,2.07
"970462107",2022,3,175,2,1.14
"970462107",2023,3,141,2,1.42
"970462107",2024,3,97,1,1.03
